date,children_apprehended_and_placed_in_cbp_custody,children_in_cbp_custody,children_transferred_out_of_cbp_custody,children_in_hhs_care,children_discharged_from_hhs_care,net_pressure,intake_discharge_imbalance,capacity_pressure_index
2023-01-12,33.0,53.0,34.0,6566.0,436.0,-402.0,-402.0,0.9539555886164592
2023-01-13,32.9,52.6,34.5,6621.6,415.1,-380.6,-380.6,0.9620335555258525
2023-01-14,32.8,52.2,35.0,6677.2,394.2,-359.2,-359.2,0.9701115224352455
2023-01-15,32.7,51.8,35.5,6732.8,373.3,-337.8,-337.8,0.9781894893446387
2023-01-16,32.6,51.4,36.0,6788.4,352.4,-316.4,-316.4,0.9862674562540317
2023-01-17,32.5,51.0,36.5,6844.0,331.5,-295.0,-295.0,0.9943454231634248
2023-01-18,32.4,50.6,37.0,6899.6,310.6,-273.6,-273.6,1.0024233900728179
2023-01-19,32.3,50.2,37.5,6955.2,289.7,-252.2,-252.2,1.0028057568478634
2023-01-20,32.2,49.8,38.0,7010.8,268.79999999999995,-230.79999999999995,-230.79999999999995,1.003182343716016
2023-01-21,32.1,49.4,38.5,7066.4,247.9,-209.4,-209.4,1.003553280748944
2023-01-22,32.0,49.0,39.0,7122.0,227.0,-188.0,-188.0,1.0039186941445124
2023-01-23,32.0,50.0,39.0,7280.0,181.0,-142.0,-142.0,1.0120810220906147
2023-01-24,47.0,42.0,47.0,7433.0,175.0,-128.0,-128.0,1.0125047676129244
2023-01-25,20.0,22.0,41.0,7538.0,180.0,-139.0,-139.0,1.0091368519696107
2023-01-26,20.75,27.75,33.5,7521.5,210.75,-177.25,-177.25,0.9993423194201781
2023-01-27,21.5,33.5,26.0,7505.0,241.5,-215.5,-215.5,0.9972593638402126
2023-01-28,22.25,39.25,18.5,7488.5,272.25,-253.75,-253.75,0.9951759515203061
2023-01-29,23.0,45.0,11.0,7472.0,303.0,-292.0,-292.0,0.993092082310215
2023-01-30,34.0,54.0,29.0,7743.0,196.0,-167.0,-167.0,1.024409605080373
2023-01-31,26.0,36.0,36.0,7803.0,158.0,-122.0,-122.0,1.0073586367157243
2023-02-01,25.0,32.0,27.0,7903.0,231.0,-204.0,-204.0,1.0128155837498398
2023-02-02,15.0,13.0,23.0,7879.0,298.0,-275.0,-275.0,1.0004825274278748
2023-02-03,15.333333333333334,14.666666666666666,20.333333333333332,7781.333333333333,312.6666666666667,-292.33333333333337,-292.33333333333337,0.9885577322119742
2023-02-04,15.666666666666666,16.333333333333332,17.666666666666668,7683.666666666667,327.3333333333333,-309.66666666666663,-309.66666666666663,0.9766214177978885
2023-02-05,16.0,18.0,15.0,7586.0,342.0,-327.0,-327.0,0.9646735674864569
2023-02-06,11.0,22.0,12.0,7720.0,196.0,-184.0,-184.0,0.9821882951653944
2023-02-07,16.0,20.0,20.0,7855.0,200.0,-180.0,-180.0,0.9978657994359612
2023-02-08,93.0,196.0,169.0,7915.0,317.0,-148.0,-148.0,1.0025840447901095
2023-02-09,124.0,234.0,161.0,7908.0,353.0,-192.0,-192.0,1.0002529724260056
2023-02-10,113.33333333333333,223.66666666666666,165.0,7750.0,341.0,-176.0,-176.0,0.9802991493533187
2023-02-11,102.66666666666667,213.33333333333334,169.0,7592.0,329.0,-160.0,-160.0,0.9603440642590602
2023-02-12,92.0,203.0,173.0,7434.0,317.0,-144.0,-144.0,0.940387717023497
2023-02-13,186.0,259.0,172.0,7483.0,244.0,-72.0,-72.0,0.9466160657811512
2023-02-14,154.0,225.0,220.0,7794.0,223.0,-3.0,-3.0,0.9859894367310794
2023-02-15,91.0,199.0,172.0,7869.0,290.0,-118.0,-118.0,0.995508887342653
2023-02-16,81.0,213.0,153.0,7793.0,361.0,-208.0,-208.0,0.9859252933548408
2023-02-17,113.0,231.0,160.75,7799.0,323.0,-162.25,-162.25,0.9867155870445344
2023-02-18,145.0,249.0,168.5,7805.0,285.0,-116.5,-116.5,0.9875059307290843
2023-02-19,177.0,267.0,176.25,7811.0,247.0,-70.75,-70.75,0.9882963244132347
2023-02-20,209.0,285.0,184.0,7817.0,209.0,-25.0,-25.0,0.9890867681017304
2023-02-21,184.0,314.0,217.0,7967.0,213.0,4.0,4.0,1.007460799190693
2023-02-22,107.0,215.0,230.0,7978.0,232.0,-2.0,-2.0,1.0080041442135788
2023-02-23,101.0,162.0,178.0,7914.0,386.0,-208.0,-208.0,0.999886290414282
2023-02-24,100.33333333333333,171.33333333333334,177.33333333333334,7812.333333333333,365.0,-187.66666666666666,-187.66666666666666,0.9870475540703023
2023-02-25,99.66666666666667,180.66666666666666,176.66666666666666,7710.666666666667,344.0,-167.33333333333334,-167.33333333333334,0.9742086555145635
2023-02-26,99.0,190.0,176.0,7609.0,323.0,-147.0,-147.0,0.9613695947439906
2023-02-27,167.0,239.0,166.0,7800.0,248.0,-82.0,-82.0,0.9855079788242131
2023-02-28,115.0,216.0,169.0,7896.0,200.0,-31.0,-31.0,0.9976436102670365
2023-03-01,84.0,158.0,193.0,7930.0,307.0,-114.0,-114.0,1.0007571933366985
2023-03-02,130.0,227.0,192.0,7870.0,335.0,-143.0,-143.0,0.9932792730255893
2023-03-03,121.6,224.4,185.6,7867.8,319.8,-134.20000000000002,-134.20000000000002,0.9930956137582834
2023-03-04,113.2,221.8,179.2,7865.6,304.6,-125.40000000000003,-125.40000000000003,0.9929119197147096
2023-03-05,104.8,219.2,172.8,7863.4,289.4,-116.59999999999997,-116.59999999999997,0.9927281908849892
2023-03-06,96.4,216.6,166.4,7861.2,274.2,-107.79999999999998,-107.79999999999998,0.9925444272592405
2023-03-07,88.0,214.0,160.0,7859.0,259.0,-99.0,-99.0,0.9923606288275775
2023-03-08,113.0,208.0,159.0,7885.0,291.0,-132.0,-132.0,0.9957379636937648
2023-03-09,174.0,285.0,150.0,7786.0,340.0,-190.0,-190.0,0.9833291235160394
2023-03-10,156.5,271.25,164.0,7731.25,317.25,-153.25,-153.25,0.9765069942214785
2023-03-11,139.0,257.5,178.0,7676.5,294.5,-116.5,-116.5,0.9696835722857323
2023-03-12,121.5,243.75,192.0,7621.75,271.75,-79.75,-79.75,0.9628588573413763
2023-03-13,104.0,230.0,206.0,7567.0,249.0,-43.0,-43.0,0.9560328490208465
2023-03-14,147.0,276.0,214.0,7810.0,181.0,33.0,33.0,0.9867402826297071
2023-03-15,108.0,220.0,213.0,7915.0,286.0,-73.0,-73.0,1.0
2023-03-16,180.0,280.0,146.0,7989.0,308.0,-162.0,-162.0,1.0077260256693261
2023-03-17,164.66666666666666,284.6666666666667,159.33333333333334,7954.333333333333,307.3333333333333,-147.99999999999997,-147.99999999999997,1.0006122003991882
2023-03-18,149.33333333333334,289.3333333333333,172.66666666666666,7919.666666666667,306.6666666666667,-134.00000000000003,-134.00000000000003,0.9964038205475
2023-03-19,134.0,294.0,186.0,7885.0,306.0,-120.0,-120.0,0.9921941521154646
2023-03-20,202.0,313.0,158.0,7931.0,279.0,-121.0,-121.0,0.9980913228600794
2023-03-21,110.0,272.0,193.0,8050.0,221.0,-28.0,-28.0,1.0110609650922304
2023-03-22,166.0,277.0,229.0,8097.0,246.0,-17.0,-17.0,1.0155461209951022
2023-03-23,136.0,276.0,178.0,8102.0,331.0,-153.0,-153.0,1.0148431139224652
2023-03-24,119.66666666666666,266.0,176.33333333333334,8017.0,338.0,-161.66666666666666,-161.66666666666666,1.0019246150769845
2023-03-25,103.33333333333333,256.0,174.66666666666666,7932.0,345.0,-170.33333333333334,-170.33333333333334,0.991475213119672
2023-03-26,87.0,246.0,173.0,7847.0,352.0,-179.0,-179.0,0.9810221533229985
2023-03-27,84.0,171.0,157.0,7994.0,235.0,-78.0,-78.0,0.9991375970203352
2023-03-28,167.0,209.0,157.0,8079.0,223.0,-66.0,-66.0,1.0066976106663343
2023-03-29,109.0,245.0,159.0,8208.0,267.0,-108.0,-108.0,1.0188932197919511
2023-03-30,156.0,256.0,176.0,8158.0,359.0,-183.0,-183.0,1.0094410829404705
2023-03-31,145.66666666666666,248.0,181.33333333333334,8099.0,340.6666666666667,-159.33333333333334,-159.33333333333334,1.0002222990663439
2023-04-01,135.33333333333334,240.0,186.66666666666666,8040.0,322.3333333333333,-135.66666666666666,-135.66666666666666,0.992948092526954
2023-04-02,125.0,232.0,192.0,7981.0,304.0,-112.0,-112.0,0.9856737063109794
2023-04-03,118.0,139.0,168.0,8054.0,284.0,-116.0,-116.0,0.9947999654154469
2023-04-04,142.0,235.0,139.0,8068.0,259.0,-120.0,-120.0,0.9966399841881609
2023-04-05,148.0,245.0,175.0,8175.0,260.0,-85.0,-85.0,1.009421265141319
2023-04-06,119.0,219.0,210.0,8178.0,284.0,-74.0,-74.0,1.0094551558989804
2023-04-07,114.33333333333333,216.0,189.66666666666666,8085.333333333333,299.0,-109.33333333333334,-109.33333333333334,0.9980352826209946
2023-04-08,109.66666666666667,213.0,169.33333333333334,7992.666666666667,314.0,-144.66666666666666,-144.66666666666666,0.9866149864421704
2023-04-09,105.0,210.0,149.0,7900.0,329.0,-180.0,-180.0,0.9751942673390158
2023-04-10,143.0,203.0,163.0,7826.0,265.0,-102.0,-102.0,0.9660774244519059
2023-04-11,119.0,209.0,152.0,7922.0,187.0,-35.0,-35.0,0.9779462141926882
2023-04-12,155.0,212.0,181.0,7876.0,283.0,-102.0,-102.0,0.9722676575336547
2023-04-13,109.0,214.0,173.0,7795.0,370.0,-197.0,-197.0,0.9622684599384
2023-04-14,136.33333333333334,237.0,179.33333333333334,7656.666666666667,337.3333333333333,-157.99999999999997,-157.99999999999997,0.9451916410000022
2023-04-15,163.66666666666669,260.0,185.66666666666666,7518.333333333333,304.66666666666663,-118.99999999999997,-118.99999999999997,0.9281148220616041
2023-04-16,191.0,283.0,192.0,7380.0,272.0,-80.0,-80.0,0.9110380031232062
2023-04-17,170.0,297.0,196.0,7344.0,248.0,-52.0,-52.0,0.906593915303093
2023-04-18,152.0,272.0,214.0,7376.0,234.0,-20.0,-20.0,0.9105442155876381
2023-04-19,239.0,367.0,224.0,7356.0,229.0,-5.0,-5.0,0.9080752779097974
2023-04-20,113.0,280.0,237.0,7490.0,320.0,-83.0,-83.0,0.9246171603513299
2023-04-21,140.66666666666666,288.6666666666667,220.33333333333334,7504.666666666667,302.0,-81.66666666666666,-81.66666666666666,0.9264277146484131
2023-04-22,168.33333333333334,297.3333333333333,203.66666666666666,7519.333333333333,284.0,-80.33333333333334,-80.33333333333334,0.9282382689454961
2023-04-23,196.0,306.0,187.0,7534.0,266.0,-79.0,-79.0,0.9300488232425793
2023-04-24,236.0,330.0,222.0,7796.0,213.0,9.0,9.0,0.962391906822292
2023-04-25,81.0,230.0,242.0,8017.0,202.0,40.0,40.0,0.9896736681624314
2023-04-26,118.0,245.0,160.0,8117.0,256.0,-96.0,-96.0,1.00083228013933
2023-04-27,218.0,283.0,208.0,8159.0,310.0,-102.0,-102.0,1.002389566990804
2023-04-28,189.33333333333334,269.6666666666667,199.66666666666666,8223.333333333334,304.3333333333333,-104.66666666666666,-104.66666666666666,1.0079405449906336
2023-04-29,160.66666666666666,256.3333333333333,191.33333333333334,8287.666666666666,298.6666666666667,-107.33333333333334,-107.33333333333334,1.0146755144184072
2023-04-30,132.0,243.0,183.0,8352.0,293.0,-110.0,-110.0,1.0214452128928107
2023-05-01,224.0,315.0,152.0,8492.0,237.0,-85.0,-85.0,1.0363048386112637
2023-05-02,167.0,326.0,213.0,8654.0,245.0,-32.0,-32.0,1.0532550620098744
2023-05-03,209.0,353.0,232.0,8704.0,267.0,-35.0,-35.0,1.0539167707654336
2023-05-04,153.0,253.0,286.0,8790.0,332.0,-46.0,-46.0,1.0561032313875323
2023-05-05,162.0,281.0,263.6666666666667,8688.333333333334,346.3333333333333,-82.66666666666663,-82.66666666666663,1.0307667971685057
2023-05-06,171.0,309.0,241.33333333333334,8586.666666666666,360.6666666666667,-119.33333333333334,-119.33333333333334,1.0049859161523398
2023-05-07,180.0,337.0,219.0,8485.0,375.0,-156.0,-156.0,0.9930868204836105
2023-05-08,133.0,287.0,189.0,8590.0,261.0,-72.0,-72.0,1.0001746521511323
2023-05-09,187.0,310.0,247.0,8606.0,250.0,-3.0,-3.0,1.000837326138531
2023-05-10,168.0,285.0,210.0,8681.0,304.0,-94.0,-94.0,1.0056299522728327
2023-05-11,269.0,412.0,204.0,8672.0,392.0,-188.0,-188.0,1.0009349138378791
2023-05-12,212.66666666666666,359.6666666666667,214.66666666666666,8596.333333333334,357.3333333333333,-142.66666666666666,-142.66666666666666,0.9922013565869106
2023-05-13,156.33333333333331,307.3333333333333,225.33333333333334,8520.666666666666,322.6666666666667,-97.33333333333334,-97.33333333333334,0.9834677993359419
2023-05-14,100.0,255.0,236.0,8445.0,288.0,-52.0,-52.0,0.9747342420849733
2023-05-15,205.0,294.0,177.0,8571.0,277.0,-100.0,-100.0,0.989277346229758
2023-05-16,161.0,304.0,211.0,8572.0,272.0,-61.0,-61.0,0.9893927676912245
2023-05-17,57.0,162.0,193.0,8569.0,307.0,-114.0,-114.0,0.9890465033068249
2023-05-18,80.0,122.0,152.0,8474.0,351.0,-199.0,-199.0,0.9780814644675031
2023-05-19,89.0,138.0,145.66666666666666,8258.0,348.3333333333333,-202.66666666666666,-202.66666666666666,0.9531504287907294
2023-05-20,98.0,154.0,139.33333333333334,8042.0,345.6666666666667,-206.33333333333334,-206.33333333333334,0.9282193931139556
2023-05-21,107.0,170.0,133.0,7826.0,343.0,-210.0,-210.0,0.9032883574371819
2023-05-22,99.0,156.0,139.0,7848.0,240.0,-101.0,-101.0,0.9058276295894458
2023-05-23,25.0,66.0,94.0,7788.0,246.0,-152.0,-152.0,0.8989023419014532
2023-05-24,35.0,70.0,53.0,7709.0,276.0,-223.0,-223.0,0.8897840464455962
2023-05-25,43.0,73.0,64.0,7546.0,408.0,-344.0,-344.0,0.8709703482265493
2023-05-26,42.5,69.75,65.75,7408.5,357.75,-292.0,-292.0,0.8550998972748993
2023-05-27,42.0,66.5,67.5,7271.0,307.5,-240.0,-240.0,0.8392294463232494
2023-05-28,41.5,63.25,69.25,7133.5,257.25,-188.0,-188.0,0.8233589953715994
2023-05-29,41.0,60.0,71.0,6996.0,207.0,-136.0,-136.0,0.8074885444199494
2023-05-30,65.0,83.0,65.0,7046.0,168.0,-103.0,-103.0,0.8132596174932767
2023-05-31,38.0,80.0,82.0,7053.0,210.0,-128.0,-128.0,0.8140675677235425
2023-06-01,56.0,82.0,68.0,7002.0,287.0,-219.0,-219.0,0.8081810731887488
2023-06-02,62.0,89.0,72.0,6853.0,288.6666666666667,-216.66666666666669,-216.66666666666669,0.7909832754302335
2023-06-03,68.0,96.0,76.0,6704.0,290.3333333333333,-214.33333333333331,-214.33333333333331,0.7737854776717183
2023-06-04,74.0,103.0,80.0,6555.0,292.0,-212.0,-212.0,0.7565876799132031
2023-06-05,68.0,107.0,102.0,6523.0,189.0,-87.0,-87.0,0.7528941931462737
2023-06-06,92.0,124.0,93.0,6508.0,187.0,-94.0,-94.0,0.7511628712242755
2023-06-07,113.0,162.0,107.0,6483.0,208.0,-101.0,-101.0,0.7482773346876118
2023-06-08,106.0,196.0,131.0,6446.0,255.0,-124.0,-124.0,0.7440067406133497
2023-06-09,99.33333333333333,181.33333333333334,143.33333333333334,6299.666666666667,249.33333333333334,-106.0,-106.0,0.7271167334187453
2023-06-10,92.66666666666667,166.66666666666666,155.66666666666666,6153.333333333333,243.66666666666666,-88.0,-88.0,0.7102267262241407
2023-06-11,86.0,152.0,168.0,6007.0,238.0,-70.0,-70.0,0.6933367190295364
2023-06-12,84.0,118.0,136.0,6021.0,177.0,-41.0,-41.0,0.694952619490068
2023-06-13,59.0,64.0,117.0,6061.0,146.0,-29.0,-29.0,0.6995694779487298
2023-06-14,62.0,97.0,52.0,6065.0,167.0,-115.0,-115.0,0.700031163794596
2023-06-15,91.0,75.0,97.0,6038.0,272.0,-175.0,-175.0,0.6969147843349993
2023-06-16,75.5,69.0,75.5,5948.25,239.5,-164.0,-164.0,0.6865557081683769
2023-06-17,60.0,63.0,54.0,5858.5,207.0,-153.0,-153.0,0.6761966320017544
2023-06-18,44.5,57.0,32.5,5768.75,174.5,-142.0,-142.0,0.665837555835132
2023-06-19,29.0,51.0,11.0,5679.0,142.0,-131.0,-131.0,0.6554784796685096
2023-06-20,33.0,53.0,34.0,5904.0,134.0,-100.0,-100.0,0.6814483084984823
2023-06-21,93.0,196.0,169.0,5922.0,149.0,20.0,20.0,0.68352589480488
2023-06-22,124.0,234.0,161.0,5956.0,207.0,-46.0,-46.0,0.6874502244947426
2023-06-23,113.33333333333333,223.66666666666666,165.0,5892.666666666667,225.66666666666666,-60.66666666666666,-60.66666666666666,0.6801401986018615
2023-06-24,102.66666666666667,213.33333333333334,169.0,5829.333333333333,244.33333333333331,-75.33333333333331,-75.33333333333331,0.6728301727089802
2023-06-25,92.0,203.0,173.0,5766.0,263.0,-90.0,-90.0,0.6655201468160991
2023-06-26,186.0,259.0,172.0,5819.0,174.0,-2.0,-2.0,0.6716374842738259
2023-06-27,154.0,225.0,220.0,5917.0,155.0,65.0,65.0,0.6829487874975473
2023-06-28,91.0,199.0,172.0,5999.0,174.0,-2.0,-2.0,0.692413347337804
2023-06-29,81.0,213.0,153.0,6058.0,213.0,-60.0,-60.0,0.6992232135643301
2023-06-30,123.66666666666666,237.0,163.33333333333334,6006.333333333333,245.0,-81.66666666666666,-81.66666666666666,0.6932597713885587
2023-07-01,166.33333333333331,261.0,173.66666666666666,5954.666666666667,277.0,-103.33333333333334,-103.33333333333334,0.6872963292127873
2023-07-02,209.0,285.0,184.0,5903.0,309.0,-125.0,-125.0,0.6813328870370157
2023-07-03,196.5,299.5,200.5,6015.0,216.5,-16.0,-16.0,0.6942600907212687
2023-07-04,184.0,314.0,217.0,6127.0,124.0,93.0,93.0,0.7071872944055217
2023-07-05,107.0,215.0,230.0,6193.0,167.0,63.0,63.0,0.7148051108623138
2023-07-06,101.0,162.0,178.0,6239.0,205.0,-27.0,-27.0,0.7201144980897748
2023-07-07,100.33333333333333,171.33333333333334,177.33333333333334,6230.666666666667,202.0,-24.666666666666657,-24.666666666666657,0.7191526525775537
2023-07-08,99.66666666666667,180.66666666666666,176.66666666666666,6222.333333333333,199.0,-22.333333333333343,-22.333333333333343,0.7181908070653323
2023-07-09,99.0,190.0,176.0,6214.0,196.0,-20.0,-20.0,0.7172289615531112
2023-07-10,167.0,239.0,166.0,6346.0,163.0,3.0,3.0,0.7324645944666952
2023-07-11,115.0,216.0,169.0,6498.0,143.0,26.0,26.0,0.75000865660961
2023-07-12,84.0,158.0,193.0,6521.0,210.0,-17.0,-17.0,0.7526633502233405
2023-07-13,130.0,227.0,192.0,6604.0,226.0,-34.0,-34.0,0.7622433315250638
2023-07-14,116.0,222.66666666666666,181.33333333333334,6558.666666666667,223.33333333333334,-42.0,-42.0,0.7570108919385805
2023-07-15,102.0,218.33333333333334,170.66666666666666,6513.333333333333,220.66666666666666,-50.0,-50.0,0.7517784523520971
2023-07-16,88.0,214.0,160.0,6468.0,218.0,-58.0,-58.0,0.7465460127656137
2023-07-17,113.0,208.0,159.0,6632.0,160.0,-1.0,-1.0,0.7654751324461271
2023-07-18,174.0,285.0,150.0,6874.0,181.0,-31.0,-31.0,0.7934071261210309
2023-07-19,104.0,230.0,206.0,7001.0,226.0,-20.0,-20.0,0.8080656517272822
2023-07-20,147.0,276.0,214.0,7116.0,281.0,-67.0,-67.0,0.8213391197959349
2023-07-21,134.0,257.3333333333333,213.66666666666666,7094.666666666667,279.3333333333333,-65.66666666666666,-65.66666666666666,0.8188767952846486
2023-07-22,121.0,238.66666666666669,213.33333333333334,7073.333333333333,277.6666666666667,-64.33333333333334,-64.33333333333334,0.8164144707733623
2023-07-23,108.0,220.0,213.0,7052.0,276.0,-63.0,-63.0,0.813952146262076
2023-07-24,180.0,280.0,146.0,7220.0,187.0,-41.0,-41.0,0.8333429517884556
2023-07-25,134.0,294.0,186.0,7510.0,136.0,50.0,50.0,0.8668151756137537
2023-07-26,202.0,313.0,158.0,7647.0,215.0,-57.0,-57.0,0.8826279158346704
2023-07-27,110.0,272.0,193.0,7754.0,259.0,-66.0,-66.0,0.8949780122115907
2023-07-28,128.66666666666666,273.6666666666667,205.0,7726.333333333333,274.3333333333333,-69.33333333333331,-69.33333333333331,0.8917846851110162
2023-07-29,147.33333333333331,275.3333333333333,217.0,7698.666666666667,289.6666666666667,-72.66666666666669,-72.66666666666669,0.8885913580104419
2023-07-30,166.0,277.0,229.0,7671.0,305.0,-76.0,-76.0,0.8853980309098675
2023-07-31,136.0,276.0,178.0,7800.0,220.0,-42.0,-42.0,0.9025375189475024
2023-08-01,87.0,246.0,173.0,8103.0,168.0,5.0,5.0,0.9420285642870845
2023-08-02,84.0,171.0,157.0,8261.0,271.0,-114.0,-114.0,0.9613098297353226
2023-08-03,167.0,209.0,157.0,8294.0,339.0,-182.0,-182.0,0.9657099609943529
2023-08-04,147.66666666666666,221.0,157.66666666666666,8295.333333333334,333.3333333333333,-175.66666666666666,-175.66666666666666,0.9666080160958919
2023-08-05,128.33333333333334,233.0,158.33333333333334,8296.666666666666,327.6666666666667,-169.33333333333334,-169.33333333333334,0.9667633818462888
2023-08-06,109.0,245.0,159.0,8298.0,322.0,-163.0,-163.0,0.9680862854442897
2023-08-07,156.0,256.0,176.0,8493.0,202.0,-26.0,-26.0,0.9910036055588616
2023-08-08,125.0,232.0,192.0,8725.0,207.0,-15.0,-15.0,1.018074468209239
2023-08-09,118.0,139.0,168.0,8888.0,251.0,-83.0,-83.0,1.0370940829161852
2023-08-10,142.0,235.0,139.0,8914.0,353.0,-214.0,-214.0,1.0401278864890724
2023-08-11,143.0,236.66666666666666,145.0,9034.0,342.1666666666667,-197.16666666666669,-197.16666666666669,1.0539517356837447
2023-08-12,144.0,238.33333333333334,151.0,9154.0,331.3333333333333,-180.33333333333331,-180.33333333333331,1.0575140218226349
2023-08-13,145.0,240.0,157.0,9274.0,320.5,-163.5,-163.5,1.0521121088188414
2023-08-14,146.0,241.66666666666666,163.0,9394.0,309.6666666666667,-146.66666666666669,-146.66666666666669,1.0552329173359694
2023-08-15,147.0,243.33333333333334,169.0,9514.0,298.8333333333333,-129.83333333333331,-129.83333333333331,1.059465478841871
2023-08-16,148.0,245.0,175.0,9634.0,288.0,-113.0,-113.0,1.0586813186813187
2023-08-17,119.0,219.0,210.0,9694.0,407.0,-197.0,-197.0,1.051409978308026
2023-08-18,114.33333333333333,216.0,189.66666666666666,9623.666666666666,401.3333333333333,-211.66666666666666,-211.66666666666666,1.0303711634546753
2023-08-19,109.66666666666667,213.0,169.33333333333334,9553.333333333334,395.6666666666667,-226.33333333333334,-226.33333333333334,1.0098661028893587
2023-08-20,105.0,210.0,149.0,9483.0,390.0,-241.0,-241.0,0.9982052726038285
2023-08-21,143.0,203.0,163.0,9668.0,281.0,-118.0,-118.0,1.0138812664077548
2023-08-22,119.0,209.0,152.0,9921.0,230.0,-78.0,-78.0,1.034297619026934
2023-08-23,155.0,212.0,181.0,10071.0,285.0,-104.0,-104.0,1.0458649856947768
2023-08-24,109.0,214.0,173.0,10026.0,443.0,-270.0,-270.0,1.0386731173661254
2023-08-25,136.33333333333334,237.0,179.33333333333334,9975.0,458.0,-278.66666666666663,-278.66666666666663,1.030230420457949
2023-08-26,163.66666666666669,260.0,185.66666666666666,9924.0,473.0,-287.33333333333337,-287.33333333333337,1.010708993415726
2023-08-27,191.0,283.0,192.0,9873.0,488.0,-296.0,-296.0,0.9973331717073762
2023-08-28,170.0,297.0,196.0,10012.0,388.0,-192.0,-192.0,1.009004650975294
2023-08-29,152.0,272.0,214.0,10180.0,286.0,-72.0,-72.0,1.022904828653393
2023-08-30,239.0,367.0,224.0,10280.0,366.0,-142.0,-142.0,1.028478242382708
2023-08-31,113.0,280.0,237.0,10140.0,505.0,-268.0,-268.0,1.012006347495434
2023-09-01,133.75,286.5,224.5,10102.0,452.0,-227.5,-227.5,1.005099121956073
2023-09-02,154.5,293.0,212.0,10064.0,399.0,-187.0,-187.0,0.9996175946204999
2023-09-03,175.25,299.5,199.5,10026.0,346.0,-146.5,-146.5,0.9958432038617977
2023-09-04,196.0,306.0,187.0,9988.0,293.0,-106.0,-106.0,0.9920688131030955
2023-09-05,236.0,330.0,222.0,10142.0,243.0,-21.0,-21.0,1.0053479116380273
2023-09-06,81.0,230.0,242.0,10356.0,291.0,-49.0,-49.0,1.0230269981922178
2023-09-07,118.0,245.0,160.0,10419.0,398.0,-238.0,-238.0,1.0274033388882862
2023-09-08,151.33333333333334,257.6666666666667,176.0,10373.333333333334,392.6666666666667,-216.66666666666669,-216.66666666666669,1.0207060320708985
2023-09-09,184.66666666666669,270.3333333333333,192.0,10327.666666666666,387.3333333333333,-195.33333333333331,-195.33333333333331,1.009053900016284
2023-09-10,218.0,283.0,208.0,10282.0,382.0,-174.0,-174.0,1.0000875392710897
2023-09-11,132.0,243.0,183.0,10492.0,277.0,-94.0,-94.0,1.017937444516491
2023-09-12,224.0,315.0,152.0,10649.0,316.0,-164.0,-164.0,1.0295603412853793
2023-09-13,167.0,326.0,213.0,10678.0,343.0,-130.0,-130.0,1.0301447746698997
2023-09-14,209.0,353.0,232.0,10837.0,414.0,-182.0,-182.0,1.0421745548615418
2023-09-15,190.33333333333334,319.6666666666667,250.0,10824.333333333334,418.3333333333333,-168.33333333333331,-168.33333333333331,1.0349152018408125
2023-09-16,171.66666666666669,286.3333333333333,268.0,10811.666666666666,422.6666666666667,-154.66666666666669,-154.66666666666669,1.022056054740736
2023-09-17,153.0,253.0,286.0,10799.0,427.0,-141.0,-141.0,1.0125692103572919
2023-09-18,180.0,337.0,219.0,10892.0,313.0,-94.0,-94.0,1.0137232364314932
2023-09-19,133.0,287.0,189.0,11095.0,260.0,-71.0,-71.0,1.0267475684729732
2023-09-20,187.0,310.0,247.0,11064.0,364.0,-117.0,-117.0,1.0226800057924754
2023-09-21,168.0,285.0,210.0,11067.0,428.0,-218.0,-218.0,1.0217610074506291
2023-09-22,201.66666666666666,327.3333333333333,208.0,10959.333333333334,419.6666666666667,-211.66666666666669,-211.66666666666669,1.0084734715160997
2023-09-23,235.33333333333331,369.66666666666663,206.0,10851.666666666666,411.3333333333333,-205.33333333333331,-205.33333333333331,0.9979599375259605
2023-09-24,269.0,412.0,204.0,10744.0,403.0,-199.0,-199.0,0.988058507336408
2023-09-25,100.0,255.0,236.0,10842.0,284.0,-48.0,-48.0,0.997070954629685
2023-09-26,205.0,294.0,177.0,10978.0,332.0,-155.0,-155.0,1.0044804206532447
2023-09-27,161.0,304.0,211.0,11017.0,331.0,-120.0,-120.0,1.004321032672112
2023-09-28,57.0,162.0,193.0,10984.0,447.0,-254.0,-254.0,1.0002458725287535
2023-09-29,64.66666666666667,148.66666666666666,179.33333333333334,10855.333333333334,462.3333333333333,-283.0,-283.0,0.9885289841214915
2023-09-30,72.33333333333333,135.33333333333334,165.66666666666666,10726.666666666666,477.6666666666667,-312.0,-312.0,0.9768120957142293
2023-10-01,80.0,122.0,152.0,10598.0,493.0,-341.0,-341.0,0.9650952073069674
2023-10-02,107.0,170.0,133.0,10724.0,284.0,-151.0,-151.0,0.976569258648794
2023-10-03,99.0,156.0,139.0,10818.0,287.0,-148.0,-148.0,0.9851292652053947
2023-10-04,25.0,66.0,94.0,10963.0,330.0,-236.0,-236.0,0.9983335306384491
2023-10-05,35.0,70.0,53.0,11130.0,427.0,-374.0,-374.0,1.0116204560017814
2023-10-06,37.0,70.75,55.75,11051.25,390.75,-335.0,-335.0,1.0013965863487932
2023-10-07,39.0,71.5,58.5,10972.5,354.5,-296.0,-296.0,0.9942607436907258
2023-10-08,41.0,72.25,61.25,10893.75,318.25,-257.0,-257.0,0.9871249010326584
2023-10-09,43.0,73.0,64.0,10815.0,282.0,-218.0,-218.0,0.979989058374591
2023-10-10,41.0,60.0,71.0,10910.0,257.0,-186.0,-186.0,0.9885973765017835
2023-10-11,65.0,83.0,65.0,10960.0,266.0,-201.0,-201.0,0.9931280702529374
2023-10-12,38.0,80.0,82.0,10992.0,398.0,-316.0,-316.0,0.9960277142536759
2023-10-13,44.0,80.66666666666667,77.33333333333333,10851.666666666666,410.0,-332.6666666666667,-332.6666666666667,0.9833115671254371
2023-10-14,50.0,81.33333333333333,72.66666666666667,10711.333333333334,422.0,-349.3333333333333,-349.3333333333333,0.9705954199971986
2023-10-15,56.0,82.0,68.0,10571.0,434.0,-366.0,-366.0,0.9578792728689599
2023-10-16,74.0,103.0,80.0,10629.0,331.0,-251.0,-251.0,0.9631348776202985
2023-10-17,68.0,107.0,102.0,10630.0,315.0,-213.0,-213.0,0.9632254914953216
2023-10-18,92.0,124.0,93.0,10511.0,393.0,-300.0,-300.0,0.9524424403675752
2023-10-19,113.0,162.0,107.0,10319.0,406.0,-299.0,-299.0,0.9350445763631442
2023-10-20,110.66666666666667,173.33333333333334,115.0,10048.0,422.0,-307.0,-307.0,0.91048821623189
2023-10-21,108.33333333333333,184.66666666666666,123.0,9777.0,438.0,-315.0,-315.0,0.8859318561006359
2023-10-22,106.0,196.0,131.0,9506.0,454.0,-323.0,-323.0,0.8613754959693816
2023-10-23,86.0,152.0,168.0,9436.0,327.0,-159.0,-159.0,0.8550325247177661
2023-10-24,84.0,118.0,136.0,9396.0,300.0,-164.0,-164.0,0.851407969716843
2023-10-25,59.0,64.0,117.0,9351.0,293.0,-176.0,-176.0,0.8473303453408044
2023-10-26,62.0,97.0,52.0,9235.0,390.0,-338.0,-338.0,0.8368191358381274
2023-10-27,71.66666666666667,89.66666666666667,67.0,9131.666666666666,399.3333333333333,-332.3333333333333,-332.3333333333333,0.8274557020857426
2023-10-28,81.33333333333333,82.33333333333333,82.0,9028.333333333334,408.6666666666667,-326.6666666666667,-326.6666666666667,0.8180922683333579
2023-10-29,91.0,75.0,97.0,8925.0,418.0,-321.0,-321.0,0.8087288345809731
2023-10-30,29.0,51.0,11.0,9026.0,278.0,-267.0,-267.0,0.8178808359583041
2023-10-31,33.0,53.0,34.0,9072.0,295.0,-261.0,-261.0,0.8220490742093657
2023-11-01,132.0,235.0,197.0,9250.0,279.0,-82.0,-82.0,0.8381783439634736
2023-11-02,174.0,208.0,256.0,9442.0,330.0,-74.0,-74.0,0.8555762079679046
2023-11-03,157.0,215.33333333333334,226.33333333333334,9385.666666666666,343.3333333333333,-116.99999999999997,-116.99999999999997,0.8504716263416044
2023-11-04,140.0,222.66666666666666,196.66666666666666,9329.333333333334,356.6666666666667,-160.00000000000003,-160.00000000000003,0.8453670447153045
2023-11-05,123.0,230.0,167.0,9273.0,370.0,-203.0,-203.0,0.8402624630890043
2023-11-06,123.0,233.0,159.0,9286.0,316.0,-157.0,-157.0,0.8414404434643044
2023-11-07,141.0,232.0,188.0,9483.0,231.0,-43.0,-43.0,0.8592913768438508
2023-11-08,158.0,226.0,191.0,9634.0,310.0,-119.0,-119.0,0.8729740719723356
2023-11-09,142.5,209.5,201.5,9594.75,310.75,-109.25,-109.25,0.8694174773776798
2023-11-10,127.0,193.0,212.0,9555.5,311.5,-99.5,-99.5,0.865860882783024
2023-11-11,111.5,176.5,222.5,9516.25,312.25,-89.75,-89.75,0.8623042881883681
2023-11-12,96.0,160.0,233.0,9477.0,313.0,-80.0,-80.0,0.8587476935937123
2023-11-13,141.0,173.0,129.0,9510.0,287.0,-158.0,-158.0,0.861737951469474
2023-11-14,116.0,181.0,182.0,9665.0,247.0,-65.0,-65.0,0.875783102098051
2023-11-15,150.0,157.0,201.0,9762.0,316.0,-115.0,-115.0,0.8845726479752897
2023-11-16,80.0,176.0,125.0,9762.0,374.0,-249.0,-249.0,0.8845726479752897
2023-11-17,92.0,180.0,138.0,9699.0,394.3333333333333,-256.3333333333333,-256.3333333333333,0.8788639738488357
2023-11-18,104.0,184.0,151.0,9636.0,414.6666666666667,-263.6666666666667,-263.6666666666667,0.8731552997223818
2023-11-19,116.0,188.0,164.0,9573.0,435.0,-271.0,-271.0,0.8674466255959279
2023-11-20,105.0,185.0,158.0,9638.0,298.0,-140.0,-140.0,0.873336527472428
2023-11-21,136.0,246.0,123.0,9804.0,250.0,-127.0,-127.0,0.8883784307262589
2023-11-22,132.0,237.0,150.0,9821.0,266.5,-116.5,-116.5,0.8899188666016512
2023-11-23,128.0,228.0,177.0,9838.0,283.0,-106.0,-106.0,0.8914593024770435
2023-11-24,115.33333333333333,217.33333333333334,186.33333333333334,9840.333333333334,292.6666666666667,-106.33333333333334,-106.33333333333334,0.8916707348520975
2023-11-25,102.66666666666666,206.66666666666666,195.66666666666666,9842.666666666666,302.3333333333333,-106.66666666666666,-106.66666666666666,0.8918821672271512
2023-11-26,90.0,196.0,205.0,9845.0,312.0,-107.0,-107.0,0.8920935996022051
2023-11-27,56.0,82.0,68.0,10123.0,214.0,-146.0,-146.0,0.9172842568586209
2023-11-28,74.0,103.0,80.0,10223.0,223.0,-143.0,-143.0,0.9263456443609287
2023-11-29,68.0,107.0,102.0,10398.0,284.0,-182.0,-182.0,0.9422030724899674
2023-11-30,92.0,124.0,93.0,10536.0,320.0,-227.0,-227.0,0.9547077872431522
2023-12-01,105.33333333333333,161.0,127.66666666666666,10550.333333333334,352.3333333333333,-224.66666666666666,-224.66666666666666,0.956006586118483
2023-12-02,118.66666666666666,198.0,162.33333333333331,10564.666666666666,384.6666666666667,-222.33333333333337,-222.33333333333337,0.9573053849938137
2023-12-03,132.0,235.0,197.0,10579.0,417.0,-220.0,-220.0,0.9586041838691446
2023-12-04,174.0,208.0,256.0,10635.0,273.0,-17.0,-17.0,0.9636785608704369
2023-12-05,123.0,230.0,167.0,10761.0,261.0,-94.0,-94.0,0.9750959091233448
2023-12-06,123.0,233.0,159.0,10832.0,376.0,-217.0,-217.0,0.9815294942499834
2023-12-07,141.0,232.0,188.0,10897.0,466.0,-278.0,-278.0,0.9874193961264834
2023-12-08,146.66666666666666,230.0,189.0,10888.333333333334,447.6666666666667,-258.6666666666667,-258.6666666666667,0.9866340758762835
2023-12-09,152.33333333333334,228.0,190.0,10879.666666666666,429.3333333333333,-239.33333333333331,-239.33333333333331,0.9858487556260833
2023-12-10,158.0,226.0,191.0,10871.0,411.0,-220.0,-220.0,0.9850634353758834
2023-12-11,96.0,160.0,233.0,10998.0,304.0,-71.0,-71.0,0.9965713975038143
2023-12-12,141.0,173.0,129.0,11077.0,259.0,-130.0,-130.0,1.001694434365254
2023-12-13,116.0,181.0,182.0,11192.0,335.0,-153.0,-153.0,1.0114182176374638
2023-12-14,150.0,157.0,201.0,11242.0,396.0,-195.0,-195.0,1.0153081959810342
2023-12-15,126.66666666666667,163.33333333333334,175.66666666666666,11192.0,416.0,-240.33333333333334,-240.33333333333334,1.0094796561707962
2023-12-16,103.33333333333334,169.66666666666666,150.33333333333331,11142.0,436.0,-285.6666666666667,-285.6666666666667,1.00249679465551
2023-12-17,80.0,176.0,125.0,11092.0,456.0,-331.0,-331.0,0.9979980655464831
2023-12-18,116.0,188.0,164.0,11149.0,364.0,-200.0,-200.0,1.001113445755437
2023-12-19,105.0,185.0,158.0,11291.0,272.0,-114.0,-114.0,1.0130227842649955
2023-12-20,136.0,246.0,123.0,11516.0,390.0,-267.0,-267.0,1.0307312947241702
2023-12-21,128.0,228.0,177.0,11375.0,497.0,-320.0,-320.0,1.0163509649749822
2023-12-22,118.5,220.0,184.0,11317.25,459.5,-275.5,-275.5,1.008712509470119
2023-12-23,109.0,212.0,191.0,11259.5,422.0,-231.0,-231.0,1.0006998989034916
2023-12-24,99.5,204.0,198.0,11201.75,384.5,-186.5,-186.5,0.9955673069445524
2023-12-25,90.0,196.0,205.0,11144.0,347.0,-142.0,-142.0,0.9904347149856132
2023-12-26,56.0,82.0,68.0,11217.0,288.0,-220.0,-220.0,0.9969226667259173
2023-12-27,74.0,103.0,80.0,11206.0,335.0,-255.0,-255.0,0.9959450301623098
2023-12-28,68.0,107.0,102.0,11230.0,357.0,-255.0,-255.0,0.9980780553919989
2023-12-29,74.0,111.25,99.75,11140.0,340.25,-240.5,-240.5,0.990079210780665
2023-12-30,80.0,115.5,97.5,11050.0,323.5,-226.0,-226.0,0.9820803661693311
2023-12-31,86.0,119.75,95.25,10960.0,306.75,-211.5,-211.5,0.9740815215579972
2024-01-01,92.0,124.0,93.0,10870.0,290.0,-197.0,-197.0,0.9660826769466633
2024-01-02,113.0,162.0,107.0,10770.0,316.0,-209.0,-209.0,0.9571950718229589
2024-01-03,106.0,196.0,131.0,10718.0,263.0,-132.0,-132.0,0.9525735171586326
2024-01-04,86.0,152.0,168.0,10558.0,362.0,-194.0,-194.0,0.9383533489607057
2024-01-05,85.33333333333333,140.66666666666666,157.33333333333334,10262.0,363.6666666666667,-206.33333333333334,-206.33333333333334,0.9120460377945407
2024-01-06,84.66666666666667,129.33333333333334,146.66666666666666,9966.0,365.3333333333333,-218.66666666666666,-218.66666666666666,0.8857387266283759
2024-01-07,84.0,118.0,136.0,9670.0,367.0,-231.0,-231.0,0.859431415462211
2024-01-08,59.0,64.0,117.0,9670.0,367.0,-250.0,-250.0,0.859431415462211
2024-01-09,62.0,97.0,52.0,9311.0,286.0,-234.0,-234.0,0.8275249130681124
2024-01-10,91.0,75.0,97.0,9144.0,349.0,-252.0,-252.0,0.8126826125115261
2024-01-11,29.0,51.0,11.0,8829.0,476.0,-465.0,-465.0,0.7846866563718574
2024-01-12,30.0,51.5,16.75,8630.0,415.5,-398.75,-398.75,0.7670003221756857
2024-01-13,31.0,52.0,22.5,8431.0,355.0,-332.5,-332.5,0.7493139879795141
2024-01-14,32.0,52.5,28.25,8232.0,294.5,-266.25,-266.25,0.7316276537833424
2024-01-15,33.0,53.0,34.0,8033.0,234.0,-200.0,-200.0,0.7139413195871708
2024-01-16,32.0,49.0,39.0,8133.0,188.0,-149.0,-149.0,0.7228289247108751
2024-01-17,80.0,176.0,125.0,8072.0,353.0,-228.0,-228.0,0.7174074855854154
2024-01-18,116.0,188.0,164.0,8042.0,359.0,-195.0,-195.0,0.7147412040483041
2024-01-19,112.33333333333333,187.0,162.0,8019.333333333333,363.0,-201.0,-201.0,0.7127266802202644
2024-01-20,108.66666666666667,186.0,160.0,7996.666666666667,367.0,-207.0,-207.0,0.7107121563922248
2024-01-21,105.0,185.0,158.0,7974.0,371.0,-213.0,-213.0,0.7086976325641852
2024-01-22,136.0,246.0,123.0,8008.0,222.0,-99.0,-99.0,0.7117194183062446
2024-01-23,128.0,228.0,177.0,8133.0,202.0,-25.0,-25.0,0.7228289247108751
2024-01-24,90.0,196.0,205.0,8212.0,243.0,-38.0,-38.0,0.7298501327586016
2024-01-25,102.0,189.0,155.0,8180.0,293.0,-138.0,-138.0,0.7270060991190161
2024-01-26,108.0,211.66666666666666,145.33333333333334,8121.333333333333,297.6666666666667,-152.33333333333334,-152.33333333333334,0.7217920374464429
2024-01-27,114.0,234.33333333333334,135.66666666666666,8062.666666666667,302.3333333333333,-166.66666666666666,-166.66666666666666,0.7165779757738697
2024-01-28,120.0,257.0,126.0,8004.0,307.0,-181.0,-181.0,0.7113639141012965
2024-01-29,137.0,272.0,166.0,8057.0,195.0,-29.0,-29.0,0.7160743448168598
2024-01-30,93.0,198.0,208.0,8182.0,187.0,21.0,21.0,0.7271838512214902
2024-01-31,203.0,477.0,258.0,8153.0,266.0,-8.0,-8.0,0.724606445735616
2024-02-01,222.0,459.0,289.0,8026.0,337.0,-48.0,-48.0,0.7133191872285114
2024-02-02,232.33333333333334,483.0,275.3333333333333,7955.0,338.6666666666667,-63.33333333333337,-63.33333333333337,0.7070089875906813
2024-02-03,242.66666666666666,507.0,261.6666666666667,7884.0,340.3333333333333,-78.66666666666663,-78.66666666666663,0.7006987879528512
2024-02-04,253.0,531.0,248.0,7813.0,342.0,-94.0,-94.0,0.6943885883150211
2024-02-05,157.0,466.0,345.0,7872.0,242.0,103.0,103.0,0.6996322753380068
2024-02-06,291.0,455.0,323.0,8045.0,178.0,145.0,145.0,0.7150078322020152
2024-02-07,227.0,453.0,330.0,8160.0,222.0,108.0,108.0,0.7252285780942753
2024-02-08,298.0,499.0,358.0,8188.0,315.0,43.0,43.0,0.7277171075289125
2024-02-09,267.0,504.3333333333333,314.0,8144.0,325.6666666666667,-11.666666666666686,-11.666666666666686,0.7238065612744826
2024-02-10,236.0,509.6666666666667,270.0,8100.0,336.3333333333333,-66.33333333333331,-66.33333333333331,0.7198960150200526
2024-02-11,205.0,515.0,226.0,8056.0,347.0,-121.0,-121.0,0.7159854687656227
2024-02-12,213.0,430.0,440.0,8092.0,234.0,206.0,206.0,0.7191850066101563
2024-02-13,227.0,369.0,349.0,8348.0,160.0,189.0,189.0,0.7419372757268394
2024-02-14,185.0,322.0,272.0,8512.0,230.0,42.0,42.0,0.7565129481297146
2024-02-15,333.0,508.0,272.0,8463.0,312.0,-40.0,-40.0,0.7521580216190995
2024-02-16,312.0,486.0,296.75,8442.25,288.5,8.25,8.25,0.7503138435559308
2024-02-17,291.0,464.0,321.5,8421.5,265.0,56.5,56.5,0.7484696654927622
2024-02-18,270.0,442.0,346.25,8400.75,241.5,104.75,104.75,0.7466254874295934
2024-02-19,249.0,420.0,371.0,8380.0,218.0,153.0,153.0,0.7447813093664248
2024-02-20,149.0,395.0,273.0,8488.0,192.0,81.0,81.0,0.7543799229000255
2024-02-21,232.0,430.0,318.0,8573.0,231.0,87.0,87.0,0.7619343872551743
2024-02-22,165.0,400.0,292.0,8607.0,293.0,-1.0,-1.0,0.7649561729972337
2024-02-23,191.33333333333334,427.3333333333333,316.6666666666667,8539.333333333334,305.0,11.666666666666686,11.666666666666686,0.7589422268635272
2024-02-24,217.66666666666669,454.6666666666667,341.3333333333333,8471.666666666666,317.0,24.333333333333314,24.333333333333314,0.7529282807298204
2024-02-25,244.0,482.0,366.0,8404.0,329.0,37.0,37.0,0.7469143345961139
2024-02-26,199.0,438.0,326.0,8404.0,329.0,-3.0,-3.0,0.7469143345961139
2024-02-27,197.0,369.0,306.0,8650.0,206.0,100.0,100.0,0.7687778432004266
2024-02-28,209.0,447.0,274.0,8699.0,257.0,17.0,17.0,0.7731327697110417
2024-02-29,262.0,444.0,354.0,8724.0,299.0,55.0,55.0,0.7753546709919679
2024-03-01,253.33333333333334,452.0,351.6666666666667,8680.666666666666,317.3333333333333,34.33333333333337,34.33333333333337,0.7715033754383626
2024-03-02,244.66666666666666,460.0,349.3333333333333,8637.333333333334,335.6666666666667,13.666666666666629,13.666666666666629,0.7676520798847575
2024-03-03,236.0,468.0,347.0,8594.0,354.0,-7.0,-7.0,0.7638007843311522
2024-03-04,225.0,509.0,340.0,8660.0,229.0,111.0,111.0,0.769666603712797
2024-03-05,246.0,472.0,345.0,8800.0,214.0,131.0,131.0,0.7821092508859832
2024-03-06,230.0,457.0,277.0,8870.0,232.0,45.0,45.0,0.7883305744725762
2024-03-07,181.0,424.0,328.0,8902.0,305.0,23.0,23.0,0.7911746081121616
2024-03-08,184.0,405.3333333333333,327.3333333333333,8839.333333333334,327.6666666666667,-0.33333333333337123,-0.33333333333337123,0.7856050422346402
2024-03-09,187.0,386.6666666666667,326.6666666666667,8776.666666666666,350.3333333333333,-23.66666666666663,-23.66666666666663,0.7800354763571188
2024-03-10,190.0,368.0,326.0,8714.0,373.0,-47.0,-47.0,0.7744659104795973
2024-03-11,178.0,336.0,290.0,8757.0,253.0,37.0,37.0,0.7782875806827902
2024-03-12,154.0,294.0,290.0,8843.0,213.0,77.0,77.0,0.7859309210891761
2024-03-13,165.0,358.0,167.0,8819.0,239.0,-72.0,-72.0,0.7841742451355899
2024-03-14,166.0,301.0,252.0,8695.0,310.0,-58.0,-58.0,0.7731483231039749
2024-03-15,153.0,287.3333333333333,254.33333333333334,8587.666666666666,320.6666666666667,-66.33333333333334,-66.33333333333334,0.7636043798400499
2024-03-16,140.0,273.6666666666667,256.6666666666667,8480.333333333334,331.3333333333333,-74.66666666666663,-74.66666666666663,0.7540604365761252
2024-03-17,127.0,260.0,259.0,8373.0,342.0,-83.0,-83.0,0.7445164933122003
2024-03-18,123.0,243.0,188.0,8333.0,283.0,-95.0,-95.0,0.742417020442528
2024-03-19,99.0,202.0,256.0,8390.0,197.0,59.0,59.0,0.748302050026534
2024-03-20,91.0,181.0,174.0,8365.0,227.0,-53.0,-53.0,0.7466025234094253
2024-03-21,132.0,261.0,141.0,8292.0,235.0,-94.0,-94.0,0.7419627967219239
2024-03-22,129.33333333333334,262.0,167.66666666666666,8161.0,281.0,-113.33333333333334,-113.33333333333334,0.7324406311141426
2024-03-23,126.66666666666667,263.0,194.33333333333331,8030.0,327.0,-132.66666666666669,-132.66666666666669,0.723456011532051
2024-03-24,124.0,264.0,221.0,7899.0,373.0,-152.0,-152.0,0.7174712748081202
2024-03-25,128.0,242.0,224.0,7899.0,229.0,-5.0,-5.0,0.7233847703649434
2024-03-26,187.0,276.0,200.0,7919.0,208.0,-8.0,-8.0,0.7315473441108545
2024-03-27,129.0,287.0,185.0,7893.0,215.0,-30.0,-30.0,0.734464854000335
2024-03-28,161.0,288.0,248.0,7762.0,360.0,-112.0,-112.0,0.7291001315047906
2024-03-29,142.33333333333334,276.6666666666667,215.66666666666666,7593.666666666667,335.6666666666667,-120.00000000000003,-120.00000000000003,0.728423247128642
2024-03-30,123.66666666666667,265.3333333333333,183.33333333333331,7425.333333333333,311.3333333333333,-128.0,-128.0,0.7330911197114499
2024-03-31,105.0,254.0,151.0,7257.0,287.0,-136.0,-136.0,0.7380400292897242
2024-04-01,109.0,235.0,171.0,7271.0,172.0,-1.0,-1.0,0.7519131334022751
2024-04-02,101.0,230.0,175.0,7340.0,132.0,43.0,43.0,0.7719449542249264
2024-04-03,124.0,230.0,190.0,7346.0,163.0,27.0,27.0,0.7953788768765192
2024-04-04,95.0,226.0,152.0,7317.0,225.0,-73.0,-73.0,0.8098416176910052
2024-04-05,98.66666666666667,230.33333333333334,179.0,7205.333333333333,243.0,-64.0,-64.0,0.8107175540453365
2024-04-06,102.33333333333333,234.66666666666666,206.0,7093.666666666667,261.0,-55.0,-55.0,0.8008339119161723
2024-04-07,106.0,239.0,233.0,6982.0,279.0,-46.0,-46.0,0.7896984057864466
2024-04-08,102.0,230.0,167.0,6988.0,199.0,-32.0,-32.0,0.7909734550002735
2024-04-09,118.0,231.0,217.0,7043.0,130.0,87.0,87.0,0.7981188735905717
2024-04-10,117.0,244.0,142.0,6999.0,227.0,-85.0,-85.0,0.7943975619860506
2024-04-11,183.0,221.0,220.0,6912.0,285.0,-65.0,-65.0,0.7845229244817233
2024-04-12,164.66666666666666,229.0,227.66666666666666,6818.0,286.6666666666667,-59.00000000000003,-59.00000000000003,0.7738537759138295
2024-04-13,146.33333333333334,237.0,235.33333333333334,6724.0,288.3333333333333,-52.99999999999997,-52.99999999999997,0.7631846273459357
2024-04-14,128.0,245.0,243.0,6630.0,290.0,-47.0,-47.0,0.7525154787780419
2024-04-15,144.0,303.0,176.0,6681.0,191.0,-15.0,-15.0,0.7583040593840269
2024-04-16,219.0,392.0,205.0,6685.0,163.0,42.0,42.0,0.7587580657060649
2024-04-17,182.0,371.0,274.0,6725.0,227.0,47.0,47.0,0.7632981289264452
2024-04-18,144.0,322.0,258.0,6728.0,260.0,-2.0,-2.0,0.7636386336679738
2024-04-19,165.33333333333334,341.3333333333333,286.3333333333333,6733.666666666667,253.33333333333334,32.99999999999997,32.99999999999997,0.764281809290861
2024-04-20,186.66666666666666,360.6666666666667,314.6666666666667,6739.333333333333,246.66666666666666,68.00000000000003,68.00000000000003,0.7649249849137482
2024-04-21,208.0,380.0,343.0,6745.0,240.0,103.0,103.0,0.7655681605366355
2024-04-22,176.0,424.0,251.0,6799.0,214.0,37.0,37.0,0.7716972458841489
2024-04-23,252.0,427.0,307.0,6967.0,134.0,173.0,173.0,0.7907655114097463
2024-04-24,253.0,411.0,307.0,7128.0,154.0,153.0,153.0,0.8090392658717772
2024-04-25,145.0,357.0,333.0,7209.0,217.0,116.0,116.0,0.8182328938930474
2024-04-26,149.33333333333334,354.3333333333333,343.6666666666667,7238.666666666667,228.0,115.66666666666669,115.66666666666669,0.8216001074481628
2024-04-27,153.66666666666666,351.6666666666667,354.3333333333333,7268.333333333333,239.0,115.33333333333331,115.33333333333331,0.8249673210032782
2024-04-28,158.0,349.0,365.0,7298.0,250.0,115.0,115.0,0.8283345345583937
2024-04-29,140.0,292.0,255.0,7373.0,187.0,68.0,68.0,0.8368471530966068
2024-04-30,220.0,443.0,194.0,7431.0,135.0,59.0,59.0,0.8434302447661584
2024-05-01,197.0,437.0,295.0,7508.0,190.0,105.0,105.0,0.8521698664653905
2024-05-02,206.0,411.0,293.0,7577.0,194.0,99.0,99.0,0.8600014755205465
2024-05-03,187.33333333333334,379.0,271.3333333333333,7533.666666666667,240.0,31.333333333333314,31.333333333333314,0.8550830736984679
2024-05-04,168.66666666666669,347.0,249.66666666666666,7490.333333333333,286.0,-36.33333333333334,-36.33333333333334,0.8501646718763891
2024-05-05,150.0,315.0,228.0,7447.0,332.0,-104.0,-104.0,0.8452462700543104
2024-05-06,173.0,337.0,211.0,7449.0,205.0,6.0,6.0,0.8454732732153295
2024-05-07,176.0,334.0,246.0,7566.0,163.0,83.0,83.0,0.858752958134942
2024-05-08,167.0,374.0,205.0,7583.0,202.0,3.0,3.0,0.8606824850036036
2024-05-09,138.0,285.0,268.0,7570.0,244.0,24.0,24.0,0.85920696445698
2024-05-10,138.0,290.3333333333333,266.3333333333333,7534.666666666667,244.33333333333334,21.99999999999997,21.99999999999997,0.8551965752789774
2024-05-11,138.0,295.6666666666667,264.6666666666667,7499.333333333333,244.66666666666666,20.00000000000003,20.00000000000003,0.8511861861009747
2024-05-12,138.0,301.0,263.0,7464.0,245.0,18.0,18.0,0.8471757969229721
2024-05-13,112.0,331.0,167.0,7499.0,157.0,10.0,10.0,0.8511483522408049
2024-05-14,246.0,419.0,218.0,7546.0,186.0,32.0,32.0,0.8564829265247518
2024-05-15,115.0,285.0,341.0,7589.0,265.0,76.0,76.0,0.8613634944866606
2024-05-16,206.0,340.0,214.0,7565.0,234.0,-20.0,-20.0,0.8586394565544324
2024-05-17,185.0,325.0,235.33333333333334,7495.333333333333,255.33333333333334,-20.0,-20.0,0.8507321797789367
2024-05-18,164.0,310.0,256.6666666666667,7425.666666666667,276.6666666666667,-20.0,-20.0,0.8428249030034409
2024-05-19,143.0,295.0,278.0,7356.0,298.0,-20.0,-20.0,0.8349176262279452
2024-05-20,111.0,268.0,217.0,7368.0,192.0,25.0,25.0,0.8362796451940593
2024-05-21,196.0,348.0,176.0,7404.0,145.0,31.0,31.0,0.8403657020924016
2024-05-22,168.0,349.0,272.0,7474.0,208.0,64.0,64.0,0.8483108127280672
2024-05-23,193.0,272.0,314.0,7494.0,227.0,87.0,87.0,0.8505808443382573
2024-05-24,183.75,290.0,298.5,7461.75,212.0,86.5,86.5,0.8469204183668256
2024-05-25,174.5,308.0,283.0,7429.5,197.0,86.0,86.0,0.8432599923953941
2024-05-26,165.25,326.0,267.5,7397.25,182.0,85.5,85.5,0.8395995664239624
2024-05-27,156.0,344.0,252.0,7365.0,167.0,85.0,85.0,0.8359391404525307
2024-05-28,153.0,348.0,239.0,7418.0,151.0,88.0,88.0,0.8419547242195347
2024-05-29,182.0,462.0,158.0,7491.0,141.0,17.0,17.0,0.8502403395967288
2024-05-30,167.0,406.0,339.0,7563.0,190.0,149.0,149.0,0.8584124533934134
2024-05-31,164.33333333333334,380.6666666666667,333.3333333333333,7557.333333333333,228.66666666666666,104.66666666666666,104.66666666666666,0.8577692777705261
2024-06-01,161.66666666666666,355.3333333333333,327.6666666666667,7551.666666666667,267.3333333333333,60.33333333333337,60.33333333333337,0.8571261021476391
2024-06-02,159.0,330.0,322.0,7546.0,306.0,16.0,16.0,0.8564829265247518
2024-06-03,109.0,244.0,257.0,7596.0,224.0,33.0,33.0,0.8631867226518334
2024-06-04,260.0,356.0,176.0,7565.0,203.0,-27.0,-27.0,0.8628145737536331
2024-06-05,173.0,345.0,291.0,7691.0,198.0,93.0,93.0,0.880213787460015
2024-06-06,179.0,326.0,282.0,7741.0,238.0,44.0,44.0,0.8892130791630529
2024-06-07,158.0,313.6666666666667,243.33333333333334,7644.333333333333,262.6666666666667,-19.333333333333343,-19.333333333333343,0.884075234868023
2024-06-08,137.0,301.3333333333333,204.66666666666669,7547.666666666667,287.3333333333333,-82.66666666666663,-82.66666666666663,0.8838672657222824
2024-06-09,116.0,289.0,166.0,7451.0,312.0,-146.0,-146.0,0.8828530296357879
2024-06-10,184.0,334.0,229.0,7439.0,212.0,17.0,17.0,0.8874599605122668
2024-06-11,186.0,352.0,224.0,7493.0,156.0,68.0,68.0,0.8952852056300332
2024-06-12,152.0,266.0,274.0,7548.0,212.0,62.0,62.0,0.9038871458338322
2024-06-13,167.0,293.0,230.0,7544.0,259.0,-29.0,-29.0,0.9073251107997427
2024-06-14,179.33333333333334,300.3333333333333,231.0,7465.0,270.6666666666667,-39.666666666666686,-39.666666666666686,0.9067113645611287
2024-06-15,191.66666666666666,307.6666666666667,232.0,7386.0,282.3333333333333,-50.333333333333314,-50.333333333333314,0.9116211329231492
2024-06-16,204.0,315.0,233.0,7307.0,294.0,-61.0,-61.0,0.9156584231928372
2024-06-17,159.0,310.0,272.0,7318.0,224.0,48.0,48.0,0.925158027812895
2024-06-18,160.0,297.0,253.0,7340.0,214.0,39.0,39.0,0.9292315482972529
2024-06-19,204.0,321.0,246.0,7433.0,198.0,48.0,48.0,0.9413269505971151
2024-06-20,145.0,247.0,243.0,7431.0,235.0,8.0,8.0,0.9485515154996459
2024-06-21,130.66666666666666,240.33333333333334,229.0,7369.666666666667,254.66666666666666,-25.666666666666657,-25.666666666666657,0.9506119491866117
2024-06-22,116.33333333333333,233.66666666666666,215.0,7308.333333333333,274.3333333333333,-59.333333333333314,-59.333333333333314,0.946859277493468
2024-06-23,102.0,227.0,201.0,7247.0,294.0,-93.0,-93.0,0.9448500651890482
2024-06-24,116.0,175.0,172.0,7239.0,202.0,-30.0,-30.0,0.9496780400345465
2024-06-25,172.0,263.0,191.0,7239.0,202.0,-11.0,-11.0,0.9531333320166689
2024-06-26,132.0,235.0,197.0,7268.0,187.0,10.0,10.0,0.9573781432905812
2024-06-27,174.0,208.0,256.0,7248.0,268.0,-12.0,-12.0,0.9554064563753081
2024-06-28,157.0,215.33333333333334,226.33333333333334,7123.333333333333,269.6666666666667,-43.33333333333334,-43.33333333333334,0.9389733247213178
2024-06-29,140.0,222.66666666666666,196.66666666666666,6998.666666666667,271.3333333333333,-74.66666666666666,-74.66666666666666,0.9225401930673275
2024-06-30,123.0,230.0,167.0,6874.0,273.0,-106.0,-106.0,0.9061070614133372
2024-07-01,123.0,233.0,159.0,6825.0,229.0,-70.0,-70.0,0.8996480497739345
2024-07-02,141.0,232.0,188.0,6823.0,184.0,4.0,4.0,0.8993844166457957
2024-07-03,149.5,229.0,189.5,6806.5,204.5,-15.0,-15.0,0.8972094433386499
2024-07-04,158.0,226.0,191.0,6790.0,225.0,-34.0,-34.0,0.8950344700315042
2024-07-05,137.33333333333334,204.0,205.0,6726.333333333333,221.0,-16.0,-16.0,0.8866421487857497
2024-07-06,116.66666666666666,182.0,219.0,6662.666666666667,217.0,2.0,2.0,0.8782498275399954
2024-07-07,96.0,160.0,233.0,6599.0,213.0,20.0,20.0,0.869857506294241
2024-07-08,141.0,173.0,129.0,6617.0,123.0,6.0,6.0,0.8722302044474909
2024-07-09,116.0,181.0,182.0,6651.0,130.0,52.0,52.0,0.8767119676258518
2024-07-10,150.0,157.0,201.0,6649.0,177.0,24.0,24.0,0.876448334497713
2024-07-11,80.0,176.0,125.0,6640.0,197.0,-72.0,-72.0,0.875261985421088
2024-07-12,92.0,180.0,138.0,6529.333333333333,210.33333333333334,-72.33333333333334,-72.33333333333334,0.8606742856640698
2024-07-13,104.0,184.0,151.0,6418.666666666667,223.66666666666666,-72.66666666666666,-72.66666666666666,0.8460865859070518
2024-07-14,116.0,188.0,164.0,6308.0,237.0,-73.0,-73.0,0.8314988861500336
2024-07-15,105.0,185.0,158.0,6283.0,171.0,-13.0,-13.0,0.8282034720482976
2024-07-16,136.0,246.0,123.0,6239.0,173.0,-50.0,-50.0,0.8224035432292421
2024-07-17,128.0,228.0,177.0,6228.0,187.0,-10.0,-10.0,0.8209535610244784
2024-07-18,118.5,220.0,184.0,6185.5,205.75,-21.75,-21.75,0.8153513570515271
2024-07-19,109.0,212.0,191.0,6143.0,224.5,-33.5,-33.5,0.8097491530785759
2024-07-20,99.5,204.0,198.0,6100.5,243.25,-45.25,-45.25,0.8041469491056246
2024-07-21,90.0,196.0,205.0,6058.0,262.0,-57.0,-57.0,0.7985447451326734
2024-07-22,102.0,189.0,155.0,6002.0,234.0,-79.0,-79.0,0.7911630175447847
2024-07-23,120.0,257.0,126.0,5965.0,170.0,-44.0,-44.0,0.7862858046742154
2024-07-24,137.0,272.0,166.0,5927.0,177.0,-11.0,-11.0,0.7812767752395766
2024-07-25,93.0,198.0,208.0,5954.0,194.0,14.0,14.0,0.7848358224694515
2024-07-26,112.66666666666667,228.66666666666666,205.0,5883.666666666667,198.33333333333334,6.666666666666657,6.666666666666657,0.7755647241299009
2024-07-27,132.33333333333334,259.3333333333333,202.0,5813.333333333333,202.66666666666666,-0.6666666666666572,-0.6666666666666572,0.7662936257903501
2024-07-28,152.0,290.0,199.0,5743.0,207.0,-8.0,-8.0,0.7570225274507995
2024-07-29,114.0,210.0,219.0,5819.0,163.0,56.0,56.0,0.767040586320077
2024-07-30,125.0,203.0,208.0,5930.0,92.0,116.0,116.0,0.7816722249317849
2024-07-31,140.0,261.0,163.0,5963.0,154.0,9.0,9.0,0.7860221715460765
2024-08-01,227.0,298.0,212.0,6016.0,169.0,43.0,43.0,0.7930084494417569
2024-08-02,172.33333333333331,254.33333333333331,189.0,5991.666666666667,169.33333333333334,19.666666666666657,19.666666666666657,0.7898009130494005
2024-08-03,117.66666666666666,210.66666666666666,166.0,5967.333333333333,169.66666666666666,-3.666666666666657,-3.666666666666657,0.786593376657044
2024-08-04,63.0,167.0,143.0,5943.0,170.0,-27.0,-27.0,0.7833858402646876
2024-08-05,172.0,259.0,138.0,5950.0,150.0,-12.0,-12.0,0.7843085562131737
2024-08-06,163.0,283.0,200.0,5998.0,143.0,57.0,57.0,0.7912459022881227
2024-08-07,135.0,273.0,207.0,6038.0,174.0,33.0,33.0,0.7967591248581457
2024-08-08,119.0,230.0,213.0,6084.0,174.0,39.0,39.0,0.8028291678762767
2024-08-09,111.0,223.66666666666666,188.66666666666666,6020.666666666667,199.0,-10.333333333333343,-10.333333333333343,0.7944718622716037
2024-08-10,103.0,217.33333333333334,164.33333333333331,5957.333333333333,224.0,-59.666666666666686,-59.666666666666686,0.7861145566669305
2024-08-11,95.0,211.0,140.0,5894.0,249.0,-109.0,-109.0,0.7777572510622576
2024-08-12,109.0,219.0,155.0,5903.0,148.0,7.0,7.0,0.7789448681745006
2024-08-13,162.0,239.0,189.0,5981.0,123.0,66.0,66.0,0.7906146728354263
2024-08-14,109.0,226.0,191.0,5987.0,178.0,13.0,13.0,0.7915019632210044
2024-08-15,124.0,241.0,156.0,5895.0,220.0,-64.0,-64.0,0.7793392472336431
2024-08-16,111.33333333333333,242.0,182.33333333333334,5870.333333333333,206.0,-23.666666666666657,-23.666666666666657,0.7760782291790607
2024-08-17,98.66666666666666,243.0,208.66666666666669,5845.666666666667,192.0,16.666666666666686,16.666666666666686,0.7728172111244783
2024-08-18,86.0,244.0,235.0,5821.0,178.0,57.0,57.0,0.7695561930698959
2024-08-19,176.0,254.0,162.0,5865.0,158.0,4.0,4.0,0.7753731441942862
2024-08-20,136.0,274.0,245.0,5995.0,112.0,133.0,133.0,0.7925595906981663
2024-08-21,134.0,245.0,167.0,6028.0,156.0,11.0,11.0,0.7969223040414589
2024-08-22,182.0,307.0,205.0,6054.0,171.0,34.0,34.0,0.8003595933422349
2024-08-23,175.4,302.6,208.4,6073.6,156.2,52.20000000000002,52.20000000000002,0.8029507806612816
2024-08-24,168.8,298.2,211.8,6093.2,141.4,70.4,70.4,0.8055419679803281
2024-08-25,162.2,293.8,215.2,6112.8,126.6,88.6,88.6,0.8081331552993747
2024-08-26,155.6,289.4,218.6,6132.4,111.8,106.8,106.8,0.8107243426184212
2024-08-27,149.0,285.0,222.0,6152.0,97.0,125.0,125.0,0.8133155299374677
2024-08-28,170.0,285.0,178.0,6227.0,134.0,44.0,44.0,0.82350840766774
2024-08-29,145.0,295.0,188.0,6250.0,169.0,19.0,19.0,0.8268289456277286
2024-08-30,142.0,288.75,190.5,6235.5,159.0,31.5,31.5,0.825090805639543
2024-08-31,139.0,282.5,193.0,6221.0,149.0,44.0,44.0,0.8231721436747007
2024-09-01,136.0,276.25,195.5,6206.5,139.0,56.5,56.5,0.8222871413713838
2024-09-02,133.0,270.0,198.0,6192.0,129.0,69.0,69.0,0.8205653755513395
2024-09-03,131.0,263.0,177.0,6272.0,112.0,65.0,65.0,0.8339261140399279
2024-09-04,121.0,231.0,219.0,6375.0,114.0,105.0,105.0,0.8522271536281483
2024-09-05,126.0,230.0,175.0,6448.0,121.0,54.0,54.0,0.864493812594688
2024-09-06,125.0,238.33333333333334,171.33333333333334,6402.666666666667,154.33333333333334,17.0,17.0,0.8599262204075785
2024-09-07,124.0,246.66666666666666,167.66666666666666,6357.333333333333,187.66666666666669,-20.00000000000003,-20.00000000000003,0.8549054413261075
2024-09-08,123.0,255.0,164.0,6312.0,221.0,-57.0,-57.0,0.8492888954669608
2024-09-09,144.0,275.0,190.0,6353.0,141.0,49.0,49.0,0.8572681577438181
2024-09-10,131.0,251.0,180.0,6396.0,148.0,32.0,32.0,0.8668252322579334
2024-09-11,93.0,248.0,175.0,6410.0,162.0,13.0,13.0,0.8713599876749913
2024-09-12,184.0,280.0,210.0,6360.0,220.0,-10.0,-10.0,0.8676552843753836
2024-09-13,81.0,200.0,212.0,6326.0,279.0,-67.0,-67.0,0.8649579895127605
2024-09-14,89.5,210.0,189.5,6280.0,244.5,-55.0,-55.0,0.8586683803572772
2024-09-15,98.0,220.0,167.0,6234.0,210.0,-43.0,-43.0,0.8551225277827946
2024-09-16,113.0,209.0,160.0,6229.0,164.0,-4.0,-4.0,0.8581071772971484
2024-09-17,159.0,304.0,139.0,6227.0,160.0,-21.0,-21.0,0.8591868976412719
2024-09-18,116.0,213.0,217.0,6245.0,149.0,68.0,68.0,0.8621641770439297
2024-09-19,93.0,196.0,169.0,6270.0,188.0,-19.0,-19.0,0.8661417322834646
2024-09-20,103.33333333333333,208.66666666666666,166.33333333333334,6176.333333333333,191.0,-24.666666666666657,-24.666666666666657,0.8593817034115074
2024-09-21,113.66666666666667,221.33333333333334,163.66666666666666,6082.666666666667,194.0,-30.333333333333343,-30.333333333333343,0.8606856997316255
2024-09-22,124.0,234.0,161.0,5989.0,197.0,-36.0,-36.0,0.8626492603600013
2024-09-23,92.0,203.0,173.0,6002.0,165.0,8.0,8.0,0.8759550201037661
2024-09-24,186.0,259.0,172.0,6023.0,143.0,29.0,29.0,0.8826072302574698
2024-09-25,154.0,225.0,220.0,6050.0,169.0,51.0,51.0,0.8876727202033577
2024-09-26,91.0,199.0,172.0,6090.0,185.0,-13.0,-13.0,0.8957100782091681
2024-09-27,87.66666666666667,203.66666666666666,165.66666666666666,6035.0,182.33333333333334,-16.666666666666686,-16.666666666666686,0.8925732287191168
2024-09-28,84.33333333333333,208.33333333333334,159.33333333333334,5980.0,179.66666666666666,-20.333333333333314,-20.333333333333314,0.892846033827617
2024-09-29,81.0,213.0,153.0,5925.0,177.0,-24.0,-24.0,0.889984853984904
2024-09-30,209.0,285.0,184.0,5967.0,138.0,46.0,46.0,0.8972797401542834
2024-10-01,184.0,314.0,217.0,6040.0,137.0,80.0,80.0,0.9089609402629064
2024-10-02,107.0,215.0,230.0,6091.0,173.0,57.0,57.0,0.9187513669650736
2024-10-03,101.0,162.0,178.0,6118.0,193.0,-15.0,-15.0,0.9257213757206192
2024-10-04,100.5,169.0,177.5,6080.5,183.0,-5.5,-5.5,0.9258258281120341
2024-10-05,100.0,176.0,177.0,6043.0,173.0,4.0,4.0,0.930732819254346
2024-10-06,99.5,183.0,176.5,6005.5,163.0,13.5,13.5,0.9332846397712439
2024-10-07,99.0,190.0,176.0,5968.0,153.0,23.0,23.0,0.9303534033454062
2024-10-08,167.0,239.0,166.0,6013.0,123.0,43.0,43.0,0.9385487068225452
2024-10-09,115.0,216.0,169.0,6047.0,137.0,32.0,32.0,0.9448929631751654
2024-10-10,84.0,158.0,193.0,6075.0,159.0,34.0,34.0,0.9512177936444559
2024-10-11,99.33333333333333,181.0,192.66666666666666,6013.0,176.0,16.666666666666657,16.666666666666657,0.9442154438032426
2024-10-12,114.66666666666667,204.0,192.33333333333334,5951.0,193.0,-0.6666666666666572,-0.6666666666666572,0.9344796451144349
2024-10-13,130.0,227.0,192.0,5889.0,210.0,-18.0,-18.0,0.9247438464256271
2024-10-14,88.0,214.0,160.0,5935.0,106.0,54.0,54.0,0.9319671809366781
2024-10-15,113.0,208.0,159.0,6013.0,107.0,52.0,52.0,0.9442154438032426
2024-10-16,174.0,285.0,150.0,6036.0,129.0,21.0,21.0,0.9478271110587682
2024-10-17,104.0,230.0,206.0,6076.0,160.0,46.0,46.0,0.9541082715031602
2024-10-18,118.33333333333333,245.33333333333334,208.66666666666666,6023.333333333333,171.66666666666666,37.0,37.0,0.9458380769180439
2024-10-19,132.66666666666666,260.6666666666667,211.33333333333334,5970.666666666667,183.33333333333334,28.0,28.0,0.9375678823329278
2024-10-20,147.0,276.0,214.0,5918.0,195.0,19.0,19.0,0.9292976877478114
2024-10-21,108.0,220.0,213.0,5966.0,154.0,59.0,59.0,0.936835080281082
2024-10-22,180.0,280.0,146.0,6043.0,109.0,37.0,37.0,0.9489263141365367
2024-10-23,134.0,294.0,186.0,6077.0,138.0,48.0,48.0,0.95426530051427
2024-10-24,151.0,298.75,179.0,6051.25,151.5,27.5,27.5,0.9502218034781926
2024-10-25,168.0,303.5,172.0,6025.5,165.0,7.0,7.0,0.9461783064421152
2024-10-26,185.0,308.25,165.0,5999.75,178.5,-13.5,-13.5,0.9421348094060378
2024-10-27,202.0,313.0,158.0,5974.0,192.0,-34.0,-34.0,0.9380913123699604
2024-10-28,110.0,272.0,193.0,6008.0,156.0,37.0,37.0,0.9434302987476937
2024-10-29,166.0,277.0,229.0,6106.0,126.0,103.0,103.0,0.9588191418364543
2024-10-30,136.0,276.0,178.0,6149.0,160.0,18.0,18.0,0.9655713893141757
2024-10-31,87.0,246.0,173.0,6148.0,177.0,-4.0,-4.0,0.965414360303066
2024-11-01,86.0,221.0,167.66666666666666,6095.333333333333,179.33333333333334,-11.666666666666686,-11.666666666666686,0.9571441657179497
2024-11-02,85.0,196.0,162.33333333333334,6042.666666666667,181.66666666666666,-19.333333333333314,-19.333333333333314,0.9488739711328336
2024-11-03,84.0,171.0,157.0,5990.0,184.0,-27.0,-27.0,0.9406037765477172
2024-11-04,167.0,209.0,157.0,6007.0,132.0,25.0,25.0,0.9432732697365839
2024-11-05,109.0,245.0,159.0,6045.0,126.0,33.0,33.0,0.9492403721587563
2024-11-06,156.0,256.0,176.0,6086.0,137.0,39.0,39.0,0.9556785616142582
2024-11-07,125.0,232.0,192.0,6084.0,177.0,15.0,15.0,0.9553645035920386
2024-11-08,123.25,208.75,186.0,6053.75,169.0,17.0,17.0,0.9506143760059671
2024-11-09,121.5,185.5,180.0,6023.5,161.0,19.0,19.0,0.9458642484198956
2024-11-10,119.75,162.25,174.0,5993.25,153.0,21.0,21.0,0.9411141208338241
2024-11-11,118.0,139.0,168.0,5963.0,145.0,23.0,23.0,0.9363639932477525
2024-11-12,142.0,235.0,139.0,5975.0,138.0,1.0,1.0,0.9382483413810702
2024-11-13,148.0,245.0,175.0,5966.0,151.0,24.0,24.0,0.936835080281082
2024-11-14,119.0,219.0,210.0,6025.0,172.0,38.0,38.0,0.9460997919365602
2024-11-15,114.33333333333333,216.0,189.66666666666666,5955.333333333333,179.66666666666666,10.0,10.0,0.9351601041625773
2024-11-16,109.66666666666667,213.0,169.33333333333334,5885.666666666667,187.33333333333334,-18.0,-18.0,0.9242204163885945
2024-11-17,105.0,210.0,149.0,5816.0,195.0,-46.0,-46.0,0.9132807286146115
2024-11-18,143.0,203.0,163.0,5819.0,138.0,25.0,25.0,0.913751815647941
2024-11-19,119.0,209.0,152.0,5844.0,146.0,6.0,6.0,0.917677540925686
2024-11-20,155.0,212.0,181.0,5879.0,148.0,33.0,33.0,0.9231735563145291
2024-11-21,109.0,214.0,173.0,5850.0,210.0,-37.0,-37.0,0.9186197149923448
2024-11-22,136.33333333333334,237.0,179.33333333333334,5788.0,209.0,-29.666666666666657,-29.666666666666657,0.908883916303537
2024-11-23,163.66666666666669,260.0,185.66666666666666,5726.0,208.0,-22.333333333333343,-22.333333333333343,0.8991481176147293
2024-11-24,191.0,283.0,192.0,5664.0,207.0,-15.0,-15.0,0.8894123189259215
2024-11-25,170.0,297.0,196.0,5715.0,129.0,67.0,67.0,0.8974207984925215
2024-11-26,152.0,272.0,214.0,5826.0,112.0,102.0,102.0,0.9148510187257096
2024-11-27,239.0,367.0,224.0,5862.0,211.0,13.0,13.0,0.9205040631256625
2024-11-28,113.0,280.0,237.0,5963.0,143.0,94.0,94.0,0.9363639932477525
2024-11-29,140.66666666666666,288.6666666666667,220.33333333333334,5970.666666666667,145.0,75.33333333333334,75.33333333333334,0.9375678823329278
2024-11-30,168.33333333333334,297.3333333333333,203.66666666666666,5978.333333333333,147.0,56.66666666666666,56.66666666666666,0.9387717714181028
2024-12-01,196.0,306.0,187.0,5986.0,149.0,38.0,38.0,0.939975660503278
2024-12-02,236.0,330.0,222.0,6061.0,115.0,107.0,107.0,0.9517528363365132
2024-12-03,81.0,230.0,242.0,6192.0,107.0,135.0,135.0,0.9737686355916211
2024-12-04,118.0,245.0,160.0,6269.0,115.0,45.0,45.0,0.9864078484644252
2024-12-05,218.0,283.0,208.0,6310.0,150.0,58.0,58.0,0.9951347216855784
2024-12-06,189.33333333333334,269.6666666666667,199.66666666666666,6302.0,157.33333333333334,42.333333333333314,42.333333333333314,0.9971992341408611
2024-12-07,160.66666666666666,256.3333333333333,191.33333333333334,6294.0,164.66666666666666,26.666666666666686,26.666666666666686,0.9960752041526872
2024-12-08,132.0,243.0,183.0,6286.0,172.0,11.0,11.0,0.9967651909171635
2024-12-09,224.0,315.0,152.0,6268.0,174.0,-22.0,-22.0,0.9951733773656802
2024-12-10,167.0,326.0,213.0,6310.0,149.0,64.0,64.0,1.0018417375841484
2024-12-11,209.0,353.0,232.0,6402.0,152.0,80.0,80.0,1.0164486218722215
2024-12-12,153.0,253.0,286.0,6481.0,194.0,92.0,92.0,1.0289914899021975
2024-12-13,162.0,281.0,263.6666666666667,6456.666666666667,204.0,59.666666666666686,59.666666666666686,1.0238276459892597
2024-12-14,171.0,309.0,241.33333333333334,6432.333333333333,214.0,27.333333333333343,27.333333333333343,1.0193872160591653
2024-12-15,180.0,337.0,219.0,6408.0,224.0,-5.0,-5.0,1.0074521271578154
2024-12-16,133.0,287.0,189.0,6454.0,149.0,40.0,40.0,1.007603078700451
2024-12-17,187.0,310.0,247.0,6506.0,151.0,96.0,96.0,1.0131773267961472
2024-12-18,168.0,285.0,210.0,6598.0,134.0,76.0,76.0,1.0238584784885751
2024-12-19,269.0,412.0,204.0,6600.0,238.0,-34.0,-34.0,1.0223892927957698
2024-12-20,212.66666666666666,359.6666666666667,214.66666666666666,6598.333333333333,248.0,-33.33333333333334,-33.33333333333334,1.0198272553277536
2024-12-21,156.33333333333331,307.3333333333333,225.33333333333334,6596.666666666667,258.0,-32.66666666666666,-32.66666666666666,1.015692161617717
2024-12-22,100.0,255.0,236.0,6595.0,268.0,-32.0,-32.0,1.006109886421712
2024-12-23,205.0,294.0,177.0,6548.0,231.0,-54.0,-54.0,0.9960677532952532
2024-12-24,161.0,304.0,211.0,6622.0,155.0,56.0,56.0,1.0039544667786888
2024-12-25,57.0,162.0,193.0,6689.0,107.0,86.0,86.0,1.0138842574347469
2024-12-26,80.0,122.0,152.0,6707.0,135.0,17.0,17.0,1.0164919131781223
2024-12-27,89.0,138.0,145.66666666666666,6626.333333333333,162.0,-16.333333333333343,-16.333333333333343,1.0041040017173668
2024-12-28,98.0,154.0,139.33333333333334,6545.666666666667,189.0,-49.66666666666666,-49.66666666666666,0.9918803904484096
2024-12-29,107.0,170.0,133.0,6465.0,216.0,-83.0,-83.0,0.9796567791794523
2024-12-30,99.0,156.0,139.0,6454.0,177.0,-38.0,-38.0,0.9779899230973217
2024-12-31,62.0,111.0,116.5,6429.5,160.5,-44.0,-44.0,0.9742773800053036
2025-01-01,25.0,66.0,94.0,6405.0,144.0,-50.0,-50.0,0.9705648369132857
2025-01-02,35.0,70.0,53.0,6292.0,170.0,-117.0,-117.0,0.9534416789786718
2025-01-03,37.666666666666664,71.0,56.666666666666664,6155.333333333333,175.0,-118.33333333333334,-118.33333333333334,0.932732254927959
2025-01-04,40.333333333333336,72.0,60.333333333333336,6018.666666666667,180.0,-119.66666666666666,-119.66666666666666,0.9120228308772462
2025-01-05,43.0,73.0,64.0,5882.0,185.0,-121.0,-121.0,0.8913134068265334
2025-01-06,41.0,60.0,71.0,5769.0,190.0,-119.0,-119.0,0.8741902488919195
2025-01-07,65.0,83.0,65.0,5703.0,133.0,-68.0,-68.0,0.8641891123991363
2025-01-08,38.0,80.0,82.0,5605.0,184.0,-102.0,-102.0,0.8493389400310641
2025-01-09,56.0,82.0,68.0,5507.0,164.0,-96.0,-96.0,0.834488767662992
2025-01-10,62.0,89.0,72.0,5368.666666666667,187.66666666666666,-115.66666666666666,-115.66666666666666,0.8135267896604412
2025-01-11,68.0,96.0,76.0,5230.333333333333,211.33333333333334,-135.33333333333334,-135.33333333333334,0.7925648116578904
2025-01-12,74.0,103.0,80.0,5092.0,235.0,-155.0,-155.0,0.7716028336553397
2025-01-13,68.0,107.0,102.0,5019.0,181.0,-79.0,-79.0,0.7605409705648369
2025-01-14,92.0,124.0,93.0,4957.0,139.0,-46.0,-46.0,0.7511459635564648
2025-01-15,113.0,162.0,107.0,4903.0,164.0,-57.0,-57.0,0.7429632155169148
2025-01-16,106.0,196.0,131.0,4881.0,159.0,-28.0,-28.0,0.7396295033526538
2025-01-17,99.33333333333333,181.33333333333334,143.33333333333334,4796.666666666667,164.66666666666666,-21.333333333333314,-21.333333333333314,0.7268502733896529
2025-01-18,92.66666666666667,166.66666666666666,155.66666666666666,4712.333333333333,170.33333333333334,-14.666666666666686,-14.666666666666686,0.714071043426652
2025-01-19,86.0,152.0,168.0,4628.0,176.0,-8.0,-8.0,0.7012918134636512
2025-01-20,84.0,118.0,136.0,4638.0,127.0,9.0,9.0,0.7028071371746789
2025-01-21,59.0,64.0,117.0,4728.0,54.0,63.0,63.0,0.7164450505739288
2025-01-22,62.0,97.0,52.0,4717.0,83.0,-31.0,-31.0,0.7147781944917984
2025-01-23,91.0,75.0,97.0,4621.0,174.0,-77.0,-77.0,0.7002310868659317
2025-01-24,70.33333333333333,67.0,68.33333333333333,4494.333333333333,176.66666666666666,-108.33333333333333,-108.33333333333333,0.6810369865262467
2025-01-25,49.666666666666664,59.0,39.666666666666664,4367.666666666667,179.33333333333334,-139.66666666666669,-139.66666666666669,0.6618428861865616
2025-01-26,29.0,51.0,11.0,4241.0,182.0,-171.0,-171.0,0.6426487858468766
2025-01-27,33.0,53.0,34.0,4161.0,127.0,-93.0,-93.0,0.6305261961586544
2025-01-28,32.0,49.0,39.0,4096.0,101.0,-62.0,-62.0,0.6206765920369739
2025-01-29,32.0,50.0,39.0,4036.0,99.0,-60.0,-60.0,0.6115846497708073
2025-01-30,47.0,42.0,47.0,3923.0,159.0,-112.0,-112.0,0.5944614918361935
2025-01-31,38.0,35.333333333333336,45.0,3776.3333333333335,162.0,-117.0,-117.0,0.5722367440744529
2025-02-01,29.0,28.666666666666668,43.0,3629.6666666666665,165.0,-122.0,-122.0,0.5500119963127122
2025-02-02,20.0,22.0,41.0,3483.0,168.0,-127.0,-127.0,0.5277872485509717
2025-02-03,23.0,45.0,11.0,3403.0,102.0,-91.0,-91.0,0.5156646588627496
2025-02-04,34.0,54.0,29.0,3359.0,74.0,-45.0,-45.0,0.5089972345342274
2025-02-05,26.0,36.0,36.0,3290.0,104.0,-68.0,-68.0,0.49854150092813576
2025-02-06,25.0,32.0,27.0,3181.0,145.0,-118.0,-118.0,0.4820244724779331
2025-02-07,21.666666666666668,25.666666666666664,25.666666666666668,3080.0,129.66666666666666,-103.99999999999999,-103.99999999999999,0.46671970299655263
2025-02-08,18.333333333333336,19.333333333333332,24.333333333333332,2979.0,114.33333333333333,-90.0,-90.0,0.4514149335151722
2025-02-09,15.0,13.0,23.0,2878.0,99.0,-76.0,-76.0,0.4361101640337917
2025-02-10,16.0,18.0,15.0,2834.0,63.0,-48.0,-48.0,0.4294427397052695
2025-02-11,11.0,22.0,12.0,2799.0,50.0,-38.0,-38.0,0.4241391067166724
2025-02-12,16.0,20.0,20.0,2752.0,66.0,-46.0,-46.0,0.4170170852748418
2025-02-13,15.0,10.0,23.0,2703.0,72.0,-49.0,-49.0,0.4095919990908058
2025-02-14,13.25,11.75,20.75,2660.25,57.75,-37.0,-37.0,0.40311399022616207
2025-02-15,11.5,13.5,18.5,2617.5,43.5,-25.0,-25.0,0.39663598136151834
2025-02-16,9.75,15.25,16.25,2574.75,29.25,-13.0,-13.0,0.39015797249687467
2025-02-17,8.0,17.0,14.0,2532.0,15.0,-1.0,-1.0,0.38367996363223095
2025-02-18,18.0,19.0,11.0,2536.0,9.0,2.0,2.0,0.384286093116642
2025-02-19,12.0,17.0,17.0,2528.0,19.0,-2.0,-2.0,0.3830738341478198
2025-02-20,13.0,25.0,15.0,2520.0,32.0,-17.0,-17.0,0.3818615751789976
2025-02-21,11.0,22.0,12.666666666666668,2487.6666666666665,33.0,-20.333333333333332,-20.333333333333332,0.37696202851334115
2025-02-22,9.0,19.0,10.333333333333334,2455.3333333333335,34.0,-23.666666666666664,-23.666666666666664,0.37206248184768476
2025-02-23,7.0,16.0,8.0,2423.0,35.0,-27.0,-27.0,0.36716293518202825
2025-02-24,20.0,22.0,14.0,2413.0,24.0,-10.0,-10.0,0.3656476114710005
2025-02-25,11.0,7.0,7.0,2413.0,23.0,-16.0,-16.0,0.3656476114710005
2025-02-26,12.0,21.0,1.0,2411.0,23.0,-22.0,-22.0,0.36534454672879496
2025-02-27,10.0,15.0,17.0,2391.0,37.0,-20.0,-20.0,0.3623138993067394
2025-02-28,10.666666666666666,18.0,12.666666666666668,2359.6666666666665,35.0,-22.333333333333332,-22.333333333333332,0.3575658850121857
2025-03-01,11.333333333333334,21.0,8.333333333333334,2328.3333333333335,33.0,-24.666666666666664,-24.666666666666664,0.3528178707176321
2025-03-02,12.0,24.0,4.0,2297.0,31.0,-27.0,-27.0,0.34806985642307836
2025-03-03,8.0,29.0,18.0,2287.0,25.0,-7.0,-7.0,0.3465545327120506
2025-03-04,4.0,25.0,10.0,2272.0,30.0,-20.0,-20.0,0.34428154714550896
2025-03-05,5.0,20.0,4.0,2238.0,40.0,-36.0,-36.0,0.3391294465280145
2025-03-06,7.0,27.0,6.0,2218.0,33.0,-27.0,-27.0,0.336098799105959
2025-03-07,8.666666666666666,26.333333333333332,9.0,2191.0,32.0,-23.0,-23.0,0.332007425086184
2025-03-08,10.333333333333332,25.666666666666668,12.0,2164.0,31.0,-19.0,-19.0,0.3279160510664091
2025-03-09,12.0,25.0,15.0,2137.0,30.0,-15.0,-15.0,0.3238246770466341
2025-03-10,6.0,28.0,8.0,2125.0,23.0,-15.0,-15.0,0.32200628859340075
2025-03-11,3.0,11.0,7.0,2116.0,20.0,-13.0,-13.0,0.32064249725347577
2025-03-12,6.0,18.0,2.0,2113.0,8.0,-6.0,-6.0,0.32018790014016746
2025-03-13,4.0,20.0,9.0,2116.0,6.0,3.0,3.0,0.32064249725347577
2025-03-14,3.0,16.333333333333332,8.666666666666666,2116.3333333333335,5.666666666666667,2.999999999999999,2.999999999999999,0.3206930080438434
2025-03-15,2.0,12.666666666666668,8.333333333333334,2116.6666666666665,5.333333333333333,3.000000000000001,3.000000000000001,0.32074351883421093
2025-03-16,1.0,9.0,8.0,2117.0,5.0,3.0,3.0,0.32079402962457854
2025-03-17,5.0,14.0,0.0,2111.0,8.0,-8.0,-8.0,0.31988483539796186
2025-03-18,19.0,34.0,6.0,2109.0,8.0,-2.0,-2.0,0.3195817706557563
2025-03-19,6.0,22.0,14.0,2119.0,9.0,5.0,5.0,0.32117820919275997
2025-03-20,9.0,20.0,11.0,2124.0,7.0,4.0,4.0,0.32201740976108956
2025-03-21,11.0,23.0,10.333333333333334,2128.0,5.333333333333334,5.0,5.0,0.32370680803486546
2025-03-22,13.0,26.0,9.666666666666666,2132.0,3.666666666666667,5.999999999999999,5.999999999999999,0.3256478207409557
2025-03-23,15.0,29.0,9.0,2136.0,2.0,7.0,7.0,0.32814252282608136
2025-03-24,7.0,13.0,11.0,2139.0,7.0,4.0,4.0,0.3311119882973042
2025-03-25,12.0,19.0,7.0,2145.0,6.0,1.0,1.0,0.3329207392547697
2025-03-26,9.0,21.0,15.0,2159.0,2.0,13.0,13.0,0.3363727365145147
2025-03-27,1.0,19.0,13.0,2159.0,2.0,11.0,11.0,0.33977794040115517
2025-03-28,3.6666666666666665,19.333333333333332,10.333333333333334,2168.6666666666665,2.0,8.333333333333334,8.333333333333334,0.3480726533451034
2025-03-29,6.333333333333333,19.666666666666668,7.666666666666667,2178.3333333333335,2.0,5.666666666666667,5.666666666666667,0.3574651970571343
2025-03-30,9.0,20.0,5.0,2188.0,2.0,3.0,3.0,0.3672886998852923
2025-03-31,9.0,25.0,8.0,2193.0,5.0,3.0,3.0,0.37608361986915106
2025-04-01,17.0,36.0,7.0,2191.0,12.0,-5.0,-5.0,0.38175387242346626
2025-04-02,5.0,31.0,16.0,2208.0,3.0,13.0,13.0,0.39018183745957696
2025-04-03,12.0,26.0,18.0,2223.0,8.0,10.0,10.0,0.39975543527126906
2025-04-04,10.333333333333334,22.0,14.333333333333334,2226.6666666666665,9.0,5.333333333333334,5.333333333333334,0.4089566401885608
2025-04-05,8.666666666666668,18.0,10.666666666666668,2230.3333333333335,10.0,0.6666666666666679,0.6666666666666679,0.4203087457009596
2025-04-06,7.0,14.0,7.0,2234.0,11.0,-4.0,-4.0,0.4322685715207121
2025-04-07,12.0,22.0,9.0,2237.0,5.0,4.0,4.0,0.44216913908462885
2025-04-08,12.0,34.0,12.0,2243.0,9.0,3.0,3.0,0.4493999318787442
2025-04-09,6.0,19.0,10.0,2251.0,5.0,5.0,5.0,0.4563423682770085
2025-04-10,18.0,25.0,17.0,2265.0,6.0,11.0,11.0,0.4628967321330036
2025-04-11,8.0,22.0,8.0,2267.0,9.0,-1.0,-1.0,0.4680934535055388
2025-04-12,6.5,24.0,9.0,2275.0,6.0,3.0,3.0,0.4773628587215768
2025-04-13,5.0,26.0,10.0,2283.0,3.0,7.0,7.0,0.48337409089465494
2025-04-14,5.0,26.0,9.0,2282.0,13.0,-4.0,-4.0,0.4839975397145221
2025-04-15,4.0,19.0,12.0,2286.0,7.0,5.0,5.0,0.48857811514855753
2025-04-16,11.0,30.0,5.0,2291.0,8.0,-3.0,-3.0,0.4944426459479875
2025-04-17,7.0,26.0,10.0,2288.0,14.0,-4.0,-4.0,0.4947187476350584
2025-04-18,6.0,22.333333333333332,8.666666666666666,2293.6666666666665,10.666666666666668,-2.0000000000000018,-2.0000000000000018,0.5025562372188139
2025-04-19,5.0,18.666666666666668,7.333333333333334,2299.3333333333335,7.333333333333334,0.0,0.0,0.5181790865384616
2025-04-20,4.0,15.0,6.0,2305.0,4.0,2.0,2.0,0.5347200742344572
2025-04-21,10.0,25.0,5.0,2308.0,6.0,-1.0,-1.0,0.5488703923900119
2025-04-22,7.0,19.0,14.0,2305.0,17.0,-3.0,-3.0,0.5578749924366189
2025-04-23,3.0,23.0,4.0,2300.0,11.0,-7.0,-7.0,0.5652494470385844
2025-04-24,3.0,9.0,7.0,2294.0,13.0,-6.0,-6.0,0.5756370525576202
2025-04-25,5.0,19.333333333333336,8.666666666666666,2296.3333333333335,10.0,-1.333333333333334,-1.333333333333334,0.5953677296690002
2025-04-26,7.0,29.666666666666668,10.333333333333332,2298.6666666666665,7.0,3.333333333333332,3.333333333333332,0.6195310394394035
2025-04-27,9.0,40.0,12.0,2301.0,4.0,8.0,8.0,0.64568328500608
2025-04-28,6.0,26.0,12.0,2307.0,8.0,4.0,4.0,0.6692776327241079
2025-04-29,11.0,25.0,11.0,2304.0,15.0,-4.0,-4.0,0.6810120595885553
2025-04-30,7.0,34.0,9.0,2309.0,12.0,-3.0,-3.0,0.6938205201400262
2025-05-01,13.0,32.0,14.0,2306.0,16.0,-2.0,-2.0,0.7115197704376803
2025-05-02,11.666666666666666,31.666666666666668,12.666666666666666,2315.6666666666665,12.333333333333334,0.33333333333333215,0.33333333333333215,0.7385200895111437
2025-05-03,10.333333333333334,31.333333333333332,11.333333333333334,2325.3333333333335,8.666666666666668,2.666666666666666,2.666666666666666,0.7662860501007839
2025-05-04,9.0,31.0,10.0,2335.0,5.0,5.0,5.0,0.7959639344821122
2025-05-05,15.0,44.0,20.0,2331.0,17.0,3.0,3.0,0.8155482471485551
2025-05-06,10.0,33.0,16.0,2339.0,16.0,0.0,0.0,0.8299476625565511
2025-05-07,10.0,30.0,15.0,2335.0,10.0,5.0,5.0,0.8405781449682308
2025-05-08,15.0,24.0,16.0,2361.0,11.0,5.0,5.0,0.8648510045971538
2025-05-09,15.0,22.666666666666668,14.666666666666666,2369.0,8.333333333333334,6.333333333333332,6.333333333333332,0.8827159631301206
2025-05-10,15.0,21.333333333333332,13.333333333333334,2377.0,5.666666666666667,7.666666666666667,7.666666666666667,0.9000336045361391
2025-05-11,15.0,20.0,12.0,2385.0,3.0,9.0,9.0,0.917921110742275
2025-05-12,7.0,33.0,14.0,2392.0,7.0,7.0,7.0,0.9353569421023047
2025-05-13,18.0,29.0,12.0,2394.0,11.0,1.0,1.0,0.9446768210875227
2025-05-14,7.0,30.0,14.0,2394.0,11.0,3.0,3.0,0.9461702632202988
2025-05-15,15.0,31.0,14.0,2410.0,14.0,0.0,0.0,0.9546823007447314
2025-05-16,14.333333333333334,30.0,14.0,2419.0,12.333333333333334,1.666666666666666,1.666666666666666,0.9654952204194855
2025-05-17,13.666666666666666,29.0,14.0,2428.0,10.666666666666668,3.333333333333332,3.333333333333332,0.9817571620155404
2025-05-18,13.0,28.0,14.0,2437.0,9.0,5.0,5.0,0.9958794483228333
2025-05-19,7.0,27.0,17.0,2457.0,6.0,11.0,11.0,1.004052443384982
2025-05-20,10.5,44.5,15.0,2462.0,12.0,3.0,3.0,1.0060956921505193
2025-05-21,14.0,62.0,13.0,2467.0,18.0,-5.0,-5.0,1.0081389409160564
2025-05-22,18.0,36.0,17.0,2473.0,15.0,2.0,2.0,1.0105908394347012
2025-05-23,15.6,33.6,15.0,2479.2,14.2,0.8000000000000007,0.8000000000000007,1.0127450980392156
2025-05-24,13.2,31.2,13.0,2485.4,13.4,-0.40000000000000036,-0.40000000000000036,1.010427889013111
2025-05-25,10.8,28.8,11.0,2491.6,12.6,-1.5999999999999996,-1.5999999999999996,1.0108935997565676
2025-05-26,8.4,26.4,9.0,2497.8,11.8,-2.8000000000000007,-2.8000000000000007,1.0111322511435858
2025-05-27,6.0,24.0,7.0,2504.0,11.0,-4.0,-4.0,1.011141127680796
2025-05-28,12.0,39.0,12.0,2499.0,14.0,-2.0,-2.0,1.0066019229762226
2025-05-29,13.0,38.0,15.0,2506.0,11.0,4.0,4.0,1.0069069153531205
2025-05-30,11.333333333333334,33.333333333333336,15.333333333333334,2513.3333333333335,11.333333333333334,4.0,4.0,1.0073439919412481
2025-05-31,9.666666666666668,28.666666666666668,15.666666666666666,2520.6666666666665,11.666666666666666,4.0,4.0,1.008888141761992
2025-06-01,8.0,24.0,16.0,2528.0,12.0,4.0,4.0,1.010492655141401
2025-06-02,10.0,19.0,5.0,2518.0,16.0,-11.0,-11.0,1.0051494950301385
2025-06-03,5.0,23.0,11.0,2519.0,15.0,-4.0,-4.0,1.003572329716737
2025-06-04,4.0,16.0,9.0,2516.0,16.0,-7.0,-7.0,1.0004771751232702
2025-06-05,8.0,26.0,5.0,2503.0,21.0,-16.0,-16.0,0.9953077779545092
2025-06-06,8.666666666666666,22.666666666666668,8.333333333333332,2504.3333333333335,18.333333333333332,-10.0,-10.0,0.9958379725359207
2025-06-07,9.333333333333334,19.333333333333336,11.666666666666666,2505.6666666666665,15.666666666666668,-4.000000000000002,-4.000000000000002,0.9963681671173319
2025-06-08,10.0,16.0,15.0,2507.0,13.0,2.0,2.0,0.9968983616987434
2025-06-09,8.0,21.0,14.0,2516.0,9.0,5.0,5.0,1.0
2025-06-10,17.0,28.0,7.0,2511.0,12.0,-5.0,-5.0,0.9980127186009539
2025-06-11,15.571428571428571,27.428571428571427,7.428571428571429,2512.714285714286,12.285714285714286,-4.857142857142858,-4.857142857142858,0.998694072223484
2025-06-12,14.142857142857142,26.857142857142858,7.857142857142858,2514.4285714285716,12.571428571428571,-4.7142857142857135,-4.7142857142857135,0.9993754258460141
2025-06-13,12.714285714285715,26.285714285714285,8.285714285714286,2516.1428571428573,12.857142857142858,-4.571428571428571,-4.571428571428571,1.0000255499629525
2025-06-14,11.285714285714285,25.714285714285715,8.714285714285715,2517.8571428571427,13.142857142857142,-4.428571428571427,-4.428571428571427,1.000306476878022
2025-06-15,9.857142857142858,25.142857142857142,9.142857142857142,2519.5714285714284,13.428571428571429,-4.2857142857142865,-4.2857142857142865,1.0006496251180814
2025-06-16,8.428571428571429,24.571428571428573,9.571428571428571,2521.285714285714,13.714285714285714,-4.142857142857142,-4.142857142857142,1.0010862259179742
2025-06-17,7.0,24.0,10.0,2523.0,14.0,-4.0,-4.0,1.0014629831246598
2025-06-18,7.5,21.5,8.5,2512.0,16.0,-7.5,-7.5,0.9970967156595899
2025-06-19,8.0,19.0,7.0,2501.0,18.0,-11.0,-11.0,0.99273044819452
2025-06-20,7.666666666666667,17.0,6.333333333333333,2503.3333333333335,14.333333333333334,-8.0,-8.0,0.9936566261416562
2025-06-21,7.333333333333333,15.0,5.666666666666667,2505.6666666666665,10.666666666666668,-5.000000000000001,-5.000000000000001,0.9945828040887921
2025-06-22,7.0,13.0,5.0,2508.0,7.0,-2.0,-2.0,0.9955089820359282
2025-06-23,3.0,15.0,5.0,2495.0,17.0,-12.0,-12.0,0.9903488477590274
2025-06-24,5.0,20.0,5.0,2489.0,16.0,-11.0,-11.0,0.9879672473235348
2025-06-25,6.0,12.0,2.0,2470.0,24.0,-22.0,-22.0,0.9804255126111414
2025-06-26,3.0,9.0,7.0,2447.0,35.0,-28.0,-28.0,0.9712960442750862
2025-06-27,3.6666666666666665,11.666666666666666,7.0,2435.6666666666665,30.0,-23.0,-23.0,0.9667974656747111
2025-06-28,4.333333333333333,14.333333333333332,7.0,2424.3333333333335,25.0,-18.0,-18.0,0.9622988870743362
2025-06-29,5.0,17.0,7.0,2413.0,20.0,-13.0,-13.0,0.9578003084739611
2025-06-30,9.0,22.0,8.0,2407.0,16.0,-8.0,-8.0,0.9554187080384685
2025-07-01,7.0,14.0,6.0,2391.0,22.0,-16.0,-16.0,0.9490677735438214
2025-07-02,8.0,20.0,9.0,2373.0,38.0,-29.0,-29.0,0.9419229722373436
2025-07-03,7.0,19.25,7.25,2362.75,30.5,-23.25,-23.25,0.9378544048267102
2025-07-04,6.0,18.5,5.5,2352.5,23.0,-17.5,-17.5,0.9337858374160769
2025-07-05,5.0,17.75,3.75,2342.25,15.5,-11.75,-11.75,0.9297172700054437
2025-07-06,4.0,17.0,2.0,2332.0,8.0,-6.0,-6.0,0.9256487025948104
2025-07-07,3.0,18.0,8.0,2317.0,20.0,-12.0,-12.0,0.9196947015060788
2025-07-08,5.0,16.0,8.0,2306.0,20.0,-12.0,-12.0,0.9153284340410089
2025-07-09,2.0,18.0,0.0,2281.0,32.0,-32.0,-32.0,0.9054050988931228
2025-07-10,2.0,12.0,3.0,2252.0,39.0,-36.0,-36.0,0.8938940301215751
2025-07-11,1.6666666666666667,12.333333333333334,3.3333333333333335,2236.0,29.333333333333336,-26.000000000000004,-26.000000000000004,0.887543095626928
2025-07-12,1.3333333333333335,12.666666666666666,3.6666666666666665,2220.0,19.666666666666668,-16.0,-16.0,0.8811921611322809
2025-07-13,1.0,13.0,4.0,2204.0,10.0,-6.0,-6.0,0.8748412266376339
2025-07-14,2.0,9.0,1.0,2181.0,26.0,-25.0,-25.0,0.8657117583015786
2025-07-15,0.0,8.0,5.0,2171.0,17.0,-12.0,-12.0,0.8617424242424242
2025-07-16,1.0,9.0,0.0,2164.0,11.0,-11.0,-11.0,0.8589638904010162
2025-07-17,3.0,16.0,2.0,2153.0,17.0,-15.0,-15.0,0.8545976229359463
2025-07-18,3.25,16.5,3.25,2145.0,16.75,-13.5,-13.5,0.8514221556886228
2025-07-19,3.5,17.0,4.5,2137.0,16.5,-12.0,-12.0,0.8482466884412992
2025-07-20,3.75,17.5,5.75,2129.0,16.25,-10.5,-10.5,0.8450712211939757
2025-07-21,4.0,18.0,7.0,2121.0,16.0,-9.0,-9.0,0.8418957539466522
2025-07-22,5.0,13.0,3.0,2117.0,16.0,-13.0,-13.0,0.8403080203229903
2025-07-23,6.0,21.0,5.0,2111.0,14.0,-9.0,-9.0,0.8379264198874977
2025-07-24,6.0,18.0,7.0,2096.0,29.0,-22.0,-22.0,0.8319724187987662
2025-07-25,4.333333333333334,16.0,5.333333333333334,2093.3333333333335,20.666666666666664,-15.33333333333333,-15.33333333333333,0.8309139297163249
2025-07-26,2.666666666666667,14.0,3.666666666666667,2090.6666666666665,12.333333333333332,-8.666666666666664,-8.666666666666664,0.8298554406338837
2025-07-27,1.0,12.0,2.0,2088.0,4.0,-2.0,-2.0,0.8287969515514426
2025-07-28,2.0,9.0,3.0,2080.0,14.0,-11.0,-11.0,0.8256214843041191
2025-07-29,2.0,8.0,3.0,2072.0,12.0,-9.0,-9.0,0.8224460170567955
2025-07-30,4.0,15.0,4.0,2063.0,16.0,-12.0,-12.0,0.8188736164035565
2025-07-31,2.0,9.0,6.0,2058.0,15.0,-9.0,-9.0,0.8168889493739793
2025-08-01,3.0,14.666666666666668,5.0,2055.0,11.666666666666668,-6.666666666666668,-6.666666666666668,0.815698149156233
2025-08-02,4.0,20.333333333333336,4.0,2052.0,8.333333333333334,-4.333333333333334,-4.333333333333334,0.8145073489384866
2025-08-03,5.0,26.0,3.0,2049.0,5.0,-2.0,-2.0,0.8133165487207403
2025-08-04,5.0,22.0,11.0,2040.0,14.0,-3.0,-3.0,0.8097441480675014
2025-08-05,2.0,21.0,10.0,2042.0,14.0,-4.0,-4.0,0.8105380148793323
2025-08-06,4.0,17.0,3.0,2036.0,13.0,-10.0,-10.0,0.8081564144438396
2025-08-07,4.0,18.0,6.0,2031.0,17.0,-11.0,-11.0,0.8061717474142623
2025-08-08,2.666666666666667,18.0,6.666666666666667,2022.6666666666667,15.333333333333334,-8.666666666666668,-8.666666666666668,0.8028639690316337
2025-08-09,1.3333333333333335,18.0,7.333333333333333,2014.3333333333333,13.666666666666668,-6.333333333333335,-6.333333333333335,0.799556190649005
2025-08-10,0.0,18.0,8.0,2006.0,12.0,-4.0,-4.0,0.7962484122663763
2025-08-11,6.0,23.0,4.0,1999.0,16.0,-12.0,-12.0,0.7934698784249683
2025-08-12,8.0,38.0,9.0,1999.0,9.0,0.0,0.0,0.7934698784249683
2025-08-13,6.0,22.0,12.0,1997.0,17.0,-5.0,-5.0,0.7926760116131374
2025-08-14,3.0,27.0,4.0,1994.0,11.0,-7.0,-7.0,0.7914852113953911
2025-08-15,3.3333333333333335,22.666666666666668,3.3333333333333335,1993.0,8.333333333333334,-5.0,-5.0,0.7910882779894756
2025-08-16,3.6666666666666665,18.333333333333336,2.666666666666667,1992.0,5.666666666666667,-3.0,-3.0,0.7906913445835602
2025-08-17,4.0,14.0,2.0,1991.0,3.0,-1.0,-1.0,0.7902944111776448
2025-08-18,4.0,20.0,6.0,1985.0,14.0,-8.0,-8.0,0.787912810742152
2025-08-19,5.0,35.0,3.0,1980.0,11.0,-8.0,-8.0,0.7859281437125749
2025-08-20,10.0,38.0,10.0,1983.0,10.0,0.0,0.0,0.7871189439303212
2025-08-21,6.0,49.0,8.0,1972.0,21.0,-13.0,-13.0,0.7827526764652514
2025-08-22,5.333333333333333,39.66666666666667,7.0,1975.0,15.666666666666668,-8.666666666666668,-8.666666666666668,0.7839434766829977
2025-08-23,4.666666666666667,30.333333333333336,6.0,1978.0,10.333333333333334,-4.333333333333334,-4.333333333333334,0.785134276900744
2025-08-24,4.0,21.0,5.0,1981.0,5.0,0.0,0.0,0.7863250771184903
2025-08-25,8.0,30.0,8.0,1980.0,11.0,-3.0,-3.0,0.7859281437125749
2025-08-26,10.0,21.0,20.0,1989.0,15.0,5.0,5.0,0.7895005443658138
2025-08-27,5.0,19.0,9.0,1988.0,19.0,-10.0,-10.0,0.7891036109598983
2025-08-28,8.0,33.0,6.0,1984.0,17.0,-11.0,-11.0,0.7875158773362366
2025-08-29,8.5,32.0,8.75,1990.5,14.0,-5.25,-5.25,0.790335709038931
2025-08-30,9.0,31.0,11.5,1997.0,11.0,0.5,0.5,0.7931100022410648
2025-08-31,9.5,30.0,14.25,2003.5,8.0,6.25,6.25,0.795960180707848
2025-09-01,10.0,29.0,17.0,2010.0,5.0,12.0,12.0,0.7988621749831796
2025-09-02,6.0,35.0,9.0,2020.0,9.0,0.0,0.0,0.802836613664688
2025-09-03,4.0,29.0,11.0,2019.0,10.0,1.0,1.0,0.8024391697965371
2025-09-04,11.0,40.0,2.0,2015.0,14.0,-12.0,-12.0,0.8008493943239338
2025-09-05,8.666666666666668,33.0,4.333333333333333,2018.6666666666667,11.666666666666668,-7.333333333333335,-7.333333333333335,0.8023066885071535
2025-09-06,6.333333333333334,26.0,6.666666666666666,2022.3333333333333,9.333333333333334,-2.666666666666668,-2.666666666666668,0.8037639826903732
2025-09-07,4.0,19.0,9.0,2026.0,7.0,2.0,2.0,0.8054476476067153
2025-09-08,7.0,25.0,5.0,2025.0,6.0,-1.0,-1.0,0.8050500920057247
2025-09-09,18.0,42.0,11.0,2023.0,14.0,-3.0,-3.0,0.8042549808037438
2025-09-10,10.0,47.0,14.0,2025.0,18.0,-4.0,-4.0,0.8054000153409526
2025-09-11,12.0,38.0,29.0,2047.0,6.0,23.0,23.0,0.8154728706875947
2025-09-12,10.333333333333334,38.333333333333336,23.666666666666668,2059.0,5.666666666666667,18.0,18.0,0.8213167394642893
2025-09-13,8.666666666666668,38.666666666666664,18.333333333333336,2071.0,5.333333333333333,13.000000000000004,13.000000000000004,0.8268730411174031
2025-09-14,7.0,39.0,13.0,2083.0,5.0,8.0,8.0,0.83243970506937
2025-09-15,9.0,47.0,10.0,2086.0,10.0,0.0,0.0,0.8349677780891005
2025-09-16,7.0,28.0,17.0,2095.0,12.0,5.0,5.0,0.8405890141636239
2025-09-17,7.0,38.0,5.0,2096.0,13.0,-8.0,-8.0,0.8450079622649117
2025-09-18,20.0,52.0,11.0,2096.0,14.0,-3.0,-3.0,0.852153761714065
2025-09-19,16.0,46.333333333333336,11.666666666666666,2108.6666666666665,11.0,0.6666666666666661,0.6666666666666661,0.8635352253027013
2025-09-20,12.0,40.666666666666664,12.333333333333334,2121.3333333333335,8.0,4.333333333333334,4.333333333333334,0.8727731530370147
2025-09-21,8.0,35.0,13.0,2134.0,5.0,8.0,8.0,0.8820976342367416
2025-09-22,17.0,40.0,14.0,2141.0,10.0,4.0,4.0,0.8882711695639546
2025-09-23,11.0,36.0,10.0,2145.0,15.0,-5.0,-5.0,0.8938244853737811
2025-09-24,3.0,38.0,12.0,2138.0,17.0,-5.0,-5.0,0.8972260690754962
2025-09-25,6.0,35.0,12.0,2132.0,18.0,-6.0,-6.0,0.9001905304769596
2025-09-26,7.666666666666666,33.0,12.0,2136.6666666666665,15.0,-3.0,-3.0,0.9060823071880527
2025-09-27,9.333333333333332,31.0,12.0,2141.3333333333335,12.0,0.0,0.0,0.9120255264927871
2025-09-28,11.0,29.0,12.0,2146.0,9.0,3.0,3.0,0.9180208650828027
2025-09-29,8.0,35.0,12.0,2148.0,13.0,-1.0,-1.0,0.9237716374583378
2025-09-30,8.0,32.0,12.0,2159.0,7.0,5.0,5.0,0.9338033347029692
2025-10-01,4.0,33.0,12.0,2163.0,14.0,-2.0,-2.0,0.9425863383810873
2025-10-02,20.0,51.0,15.0,2164.0,16.0,-1.0,-1.0,0.9541656562093521
2025-10-03,16.0,43.333333333333336,14.333333333333334,2169.3333333333335,16.0,-1.666666666666666,-1.666666666666666,0.9663815633167023
2025-10-04,12.0,35.666666666666664,13.666666666666666,2174.6666666666665,16.0,-2.333333333333334,-2.333333333333334,0.9757118927973197
2025-10-05,8.0,28.0,13.0,2180.0,16.0,-3.0,-3.0,0.9851771511207519
2025-10-06,5.0,33.0,15.0,2187.0,10.0,5.0,5.0,0.995742937145719
2025-10-07,11.0,45.0,4.0,2189.0,10.0,-6.0,-6.0,1.0004113157533934
2025-10-08,8.0,49.0,15.0,2192.0,17.0,-2.0,-2.0,1.0017823682647047
2025-10-09,11.0,55.0,13.0,2192.0,12.0,1.0,1.0,1.0017823682647047
2025-10-10,10.25,47.25,11.5,2199.75,10.5,1.0,1.0,1.005324253918925
2025-10-11,9.5,39.5,10.0,2207.5,9.0,1.0,1.0,1.0088661395731457
2025-10-12,8.75,31.75,8.5,2215.25,7.5,1.0,1.0,1.0112295437427248
2025-10-13,8.0,24.0,7.0,2223.0,6.0,1.0,1.0,1.0141423357664234
2025-10-14,7.0,30.0,16.0,2235.0,8.0,8.0,8.0,1.0176379189646048
2025-10-15,8.0,29.0,10.0,2225.0,15.0,-5.0,-5.0,1.009522405158773
2025-10-16,9.0,33.0,15.0,2233.0,9.0,6.0,6.0,1.0096020707467461
2025-10-17,9.0,33.333333333333336,15.666666666666666,2234.3333333333335,8.333333333333334,7.333333333333332,7.333333333333332,1.006677517397777
2025-10-18,9.0,33.666666666666664,16.333333333333332,2235.6666666666665,7.666666666666667,8.666666666666664,8.666666666666664,1.0052006054883622
2025-10-19,9.0,34.0,17.0,2237.0,7.0,10.0,10.0,1.003408988965641
2025-10-20,10.0,39.0,6.0,2243.0,7.0,-1.0,-1.0,1.0041485107144987
2025-10-21,13.0,39.0,17.0,2251.0,9.0,8.0,8.0,1.0072940439432585
2025-10-22,12.0,42.0,13.0,2261.0,12.0,1.0,1.0,1.0114671716795156
2025-10-23,4.0,27.0,26.0,2266.0,18.0,8.0,8.0,1.0132355571454121
2025-10-24,4.0,29.666666666666668,21.333333333333336,2269.3333333333335,15.333333333333334,6.000000000000002,6.000000000000002,1.0129595738665953
2025-10-25,4.0,32.333333333333336,16.666666666666668,2272.6666666666665,12.666666666666668,4.0,4.0,1.011242621102904
2025-10-26,4.0,35.0,12.0,2276.0,10.0,2.0,2.0,1.0086417017504985
2025-10-27,2.0,31.0,8.0,2282.0,11.0,-3.0,-3.0,1.0080618442849254
2025-10-28,6.0,22.0,11.0,2286.0,6.0,5.0,5.0,1.0080105827882706
2025-10-29,6.0,25.0,4.0,2280.0,17.0,-13.0,-13.0,1.0038893373449769
2025-10-30,3.0,17.0,14.0,2287.0,12.0,2.0,2.0,1.005495713343592
2025-10-31,3.6666666666666665,18.333333333333332,12.666666666666666,2283.6666666666665,10.333333333333334,2.333333333333332,2.333333333333332,1.0023995552044012
2025-11-01,4.333333333333333,19.666666666666668,11.333333333333334,2280.3333333333335,8.666666666666668,2.666666666666666,2.666666666666666,1.0000657841840204
2025-11-02,5.0,21.0,10.0,2277.0,7.0,3.0,3.0,0.9986039134280138
2025-11-03,3.0,28.0,5.0,2269.0,12.0,-7.0,-7.0,0.9950954236135983
2025-11-04,6.0,33.0,6.0,2270.0,8.0,-2.0,-2.0,0.9955339848404002
2025-11-05,8.0,41.0,8.0,2272.0,7.0,1.0,1.0,0.9964111072940041
2025-11-06,6.0,33.0,9.0,2264.0,19.0,-10.0,-10.0,0.9929026174795886
2025-11-07,7.666666666666666,33.0,7.666666666666667,2274.0,14.0,-6.333333333333333,-6.333333333333333,0.997288229747608
2025-11-08,9.333333333333332,33.0,6.333333333333334,2284.0,9.0,-2.666666666666666,-2.666666666666666,1.0012054794520548
2025-11-09,11.0,33.0,5.0,2294.0,4.0,1.0,1.0,1.0048549005292937
2025-11-10,11.0,36.0,8.5,2294.0,9.0,-0.5,-0.5,1.004444249841277
2025-11-11,11.0,39.0,12.0,2294.0,14.0,-2.0,-2.0,1.0038947967266203
2025-11-12,14.0,48.0,20.0,2302.0,7.0,13.0,13.0,1.0067569045067897
2025-11-13,6.0,26.0,16.0,2317.0,5.0,11.0,11.0,1.0114149769736125
2025-11-14,5.666666666666667,24.666666666666668,11.666666666666668,2324.6666666666665,5.0,6.666666666666668,6.666666666666668,1.013368206916594
2025-11-15,5.333333333333333,23.333333333333332,7.333333333333334,2332.3333333333335,5.0,2.333333333333334,2.333333333333334,1.0167102586457426
2025-11-16,5.0,22.0,3.0,2340.0,5.0,-2.0,-2.0,1.0180995475113122
2025-11-17,1.0,35.0,6.0,2343.0,8.0,-2.0,-2.0,1.014175954983227
2025-11-18,2.0,38.0,8.0,2345.0,12.0,-4.0,-4.0,1.0102460634868209
2025-11-19,7.0,32.0,3.0,2340.0,10.0,-7.0,-7.0,1.0047733892494972
2025-11-20,18.0,57.0,8.0,2340.0,9.0,-1.0,-1.0,1.001476535918341
2025-11-21,13.0,53.333333333333336,12.666666666666666,2351.6666666666665,6.333333333333334,6.333333333333332,6.333333333333332,1.0049857549857548
2025-11-22,8.0,49.666666666666664,17.333333333333332,2363.3333333333335,3.666666666666667,13.666666666666664,13.666666666666664,1.00997150997151
2025-11-23,3.0,46.0,22.0,2375.0,1.0,21.0,21.0,1.0142420942497812
2025-11-24,9.0,40.0,9.0,2371.0,13.0,-4.0,-4.0,1.0114756196408003
2025-11-25,6.0,47.0,14.0,2375.0,11.0,3.0,3.0,1.011212035197275
2025-11-26,5.0,35.5,11.0,2382.0,9.0,2.0,2.0,1.0101424179241616
2025-11-27,4.0,24.0,8.0,2389.0,7.0,1.0,1.0,1.0090599987328672
2025-11-28,4.0,22.0,8.666666666666666,2397.6666666666665,4.666666666666667,3.999999999999999,3.999999999999999,1.0103095679532559
2025-11-29,4.0,20.0,9.333333333333334,2406.3333333333335,2.333333333333334,7.0,7.0,1.0131929824561403
2025-11-30,4.0,18.0,10.0,2415.0,0.0,10.0,10.0,1.0151964184374804
2025-12-01,4.0,26.0,4.0,2410.0,9.0,-5.0,-5.0,1.0101221786784584
2025-12-02,7.0,34.0,6.0,2407.0,8.0,-2.0,-2.0,1.005528246974782
2025-12-03,4.0,32.0,8.0,2419.0,7.0,1.0,1.0,1.0068957862167525
2025-12-04,16.0,39.0,7.0,2418.0,13.0,-6.0,-6.0,1.004695225827897
2025-12-05,12.0,34.0,9.0,2421.6666666666665,12.666666666666666,-3.666666666666666,-3.666666666666666,1.0054041337125221
2025-12-06,8.0,29.0,11.0,2425.3333333333335,12.333333333333334,-1.333333333333334,-1.333333333333334,1.005215349013919
2025-12-07,4.0,24.0,13.0,2429.0,12.0,1.0,1.0,1.0051103800715866
2025-12-08,9.0,27.0,9.0,2440.0,4.0,5.0,5.0,1.0088689504041677
2025-12-09,4.0,30.0,7.0,2443.0,8.0,-1.0,-1.0,1.0093094995455423
2025-12-10,10.0,54.0,5.0,2439.0,9.0,-4.0,-4.0,1.0063195824537035
2025-12-11,7.0,47.0,9.0,2437.0,10.0,-1.0,-1.0,1.0039755288689312
2025-12-12,7.333333333333333,43.0,7.333333333333334,2445.3333333333335,9.333333333333334,-2.0,-2.0,1.0049039752335553
2025-12-13,7.666666666666667,39.0,5.666666666666667,2453.6666666666665,8.666666666666666,-2.999999999999999,-2.999999999999999,1.006384753154779
2025-12-14,8.0,35.0,4.0,2462.0,8.0,-4.0,-4.0,1.009202516857617
2025-12-15,11.0,42.0,9.0,2470.0,7.0,2.0,2.0,1.0116110007576844
2025-12-16,8.0,54.0,15.0,2468.0,9.0,6.0,6.0,1.0097029122373975
2025-12-17,7.0,31.0,11.0,2481.0,10.0,1.0,1.0,1.012687506377768
2025-12-18,11.0,50.0,6.0,2472.0,16.0,-10.0,-10.0,1.0055934099461
2025-12-19,9.333333333333334,39.333333333333336,7.666666666666666,2476.0,15.333333333333334,-7.666666666666668,-7.666666666666668,1.0043402425668275
2025-12-20,7.666666666666667,28.666666666666668,9.333333333333332,2480.0,14.666666666666666,-5.333333333333334,-5.333333333333334,1.0044145640111781
2025-12-21,6.0,18.0,11.0,2484.0,14.0,-3.0,-3.0,1.0052203472137915
